ticker,source_index,geo
1COV.DE,dax,EU
3IN.L,ftse250,EU
A,nyse,US
A2A.MI,ftsemib,EU
AA,nyse,US
AAF.L,ftse250,EU
AAL,nasdaq,US
AAMI,nyse,US
AAOI,nasdaq,US
AAON,nasdaq,US
AAP,nyse,US
AAPG,nasdaq,US
AAPL,nasdaq,US
AAS.L,ftse250,EU
AAT,nyse,US
AAUC,nyse,US
ABB.ST,omxs30,EU
ABBN.SW,smi,EU
ABBV,nyse,US
ABCB,nyse,US
ABDN.L,ftse250,EU
ABF.L,ftse100,EU
ABG,nyse,US
ABI.BR,bel20,EU
ABM,nyse,US
ABN.AS,aex,EU
ABNB,nasdaq,US
ABR,nyse,US
ABT,nyse,US
ABVX,nasdaq,US
ABX,nyse,US
ACA,nyse,US
ACAD,nasdaq,US
ACEL,nyse,US
ACGL,nasdaq,US
ACGLN,nasdaq,US
ACGLO,nasdaq,US
ACHC,nasdaq,US
ACHR,nyse,US
ACI,nyse,US
ACIC,nasdaq,US
ACKB.BR,bel20,EU
ACLS,nasdaq,US
ACLX,nasdaq,US
ACM,nyse,US
ACMR,nasdaq,US
ACN,nyse,US
ACNB,nasdaq,US
ACS.MC,ibex35,EU
ACT,nasdaq,US
ACX.MC,ibex35,EU
AD,nyse,US
AD.AS,aex,EU
ADAM,nasdaq,US
ADAML,nasdaq,US
ADAMM,nasdaq,US
ADAMN,nasdaq,US
ADAMZ,nasdaq,US
ADBE,nasdaq,US
ADC,nyse,US
ADEA,nasdaq,US
ADEN.SW,smi,EU
ADI,nasdaq,US
ADM,nyse,US
ADM.L,ftse100,EU
ADMA,nasdaq,US
ADNT,nyse,US
ADP,nasdaq,US
ADPT,nasdaq,US
ADS.DE,dax,EU
ADSE,nasdaq,US
ADSK,nasdaq,US
ADT,nyse,US
ADTN,nasdaq,US
ADUR,nasdaq,US
ADUS,nasdaq,US
ADYEN.AS,aex,EU
AEBI,nasdaq,US
AEE,nyse,US
AEF,amex,US
AEG,nyse,US
AEHR,nasdaq,US
AEIS,nasdaq,US
AEM,nyse,US
AEO,nyse,US
AEP,nasdaq,US
AER,nyse,US
AERO,nyse,US
AES,nyse,US
AESI,nyse,US
AEVA,nasdaq,US
AFG,nyse,US
AFGB,nyse,US
AFGC,nyse,US
AFGD,nyse,US
AFGE,nyse,US
AFL,nyse,US
AFRM,nasdaq,US
AFYA,nasdaq,US
AG,nyse,US
AGBK,nyse,US
AGCC,nasdaq,US
AGCO,nyse,US
AGI,nyse,US
AGIO,nasdaq,US
AGM,nyse,US
AGMB,nasdaq,US
AGN.AS,aex,EU
AGNC,nasdaq,US
AGNCL,nasdaq,US
AGNCM,nasdaq,US
AGNCN,nasdaq,US
AGNCO,nasdaq,US
AGNCP,nasdaq,US
AGNCZ,nasdaq,US
AGO,nyse,US
AGR.L,ftse250,EU
AGRO,nyse,US
AGS.BR,bel20,EU
AGT.L,ftse250,EU
AGX,nyse,US
AGYS,nasdaq,US
AH.AS,aex,EU
AHCO,nasdaq,US
AHH,nyse,US
AHR,nyse,US
AHT.L,ftse100,EU
AI,nyse,US
AI.PA,cac40,EU
AIG,nyse,US
AII,nyse,US
AIN,nyse,US
AIO,nyse,US
AIP,nasdaq,US
AIR,nyse,US
AIR.PA,dax,EU
AIRO,nasdaq,US
AIT,nyse,US
AIV,nyse,US
AIZ,nyse,US
AJB.L,ftse250,EU
AJG,nyse,US
AKAM,nasdaq,US
AKER.OL,obx,EU
AKR,nyse,US
AKRBP.OL,obx,EU
AKTS,nasdaq,US
AKZA.AS,aex,EU
AL,nyse,US
ALAB,nasdaq,US
ALB,nyse,US
ALC,nyse,US
ALCO,nasdaq,US
ALDX,nasdaq,US
ALE.WA,wig20,EU
ALEX,nyse,US
ALFA.ST,omxs30,EU
ALG,nyse,US
ALGM,nasdaq,US
ALGN,nasdaq,US
ALGT,nasdaq,US
ALH,nyse,US
ALHC,nasdaq,US
ALK,nyse,US
ALKS,nasdaq,US
ALKT,nasdaq,US
ALL,nyse,US
ALLE,nyse,US
ALLY,nyse,US
ALM,nasdaq,US
ALMS,nasdaq,US
ALNT,nasdaq,US
ALNY,nasdaq,US
ALO.PA,cac40,EU
ALR.WA,wig20,EU
ALRM,nasdaq,US
ALRS,nasdaq,US
ALSN,nyse,US
ALV,nyse,US
ALV.DE,dax,EU
ALX,nyse,US
AM,nyse,US
AMAL,nasdaq,US
AMAT,nasdaq,US
AMBA,nasdaq,US
AMBQ,nyse,US
AMBU-B.CO,omxc25,EU
AMCR,nyse,US
AMCX,nasdaq,US
AMD,nasdaq,US
AME,nyse,US
AMG,nyse,US
AMGN,nasdaq,US
AMH,nyse,US
AMKR,nasdaq,US
AMLX,nasdaq,US
AMN,nyse,US
AMP,nyse,US
AMP.MI,ftsemib,EU
AMPH,nasdaq,US
AMPL,nasdaq,US
AMPX,nyse,US
AMR,nyse,US
AMRC,nyse,US
AMRX,nasdaq,US
AMRZ,nyse,US
AMS.MC,ibex35,EU
AMS.VI,atx,EU
AMSC,nasdaq,US
AMSF,nasdaq,US
AMT,nyse,US
AMTB,nyse,US
AMTM,nyse,US
AMWD,nasdaq,US
AMZN,nasdaq,US
AN,nyse,US
ANA.MC,ibex35,EU
ANAB,nasdaq,US
ANDE,nasdaq,US
ANDG,nyse,US
ANDR.VI,atx,EU
ANET,nyse,US
ANF,nyse,US
ANGI,nasdaq,US
ANGO,nasdaq,US
ANIP,nasdaq,US
ANL,nasdaq,US
ANNX,nasdaq,US
ANRO,nyse,US
ANTO.L,ftse100,EU
AON,nyse,US
AORT,nyse,US
AOS,nyse,US
AOSL,nasdaq,US
APA,nasdaq,US
APAM,nyse,US
APAM.BR,bel20,EU
APC,nasdaq,US
APD,nyse,US
APEI,nasdaq,US
APG,nyse,US
APGE,nasdaq,US
APH,nyse,US
APLD,nasdaq,US
APLE,nyse,US
APLS,nasdaq,US
APO,nyse,US
APOG,nasdaq,US
APP,nasdaq,US
APPF,nasdaq,US
APPN,nasdaq,US
APTV,nyse,US
AQN,nyse,US
AR,nyse,US
ARCB,nasdaq,US
ARCC,nasdaq,US
ARCO,nyse,US
ARDT,nyse,US
ARDX,nasdaq,US
ARE,nyse,US
ARES,nyse,US
ARGX,nasdaq,US
ARHS,nasdaq,US
ARI,nyse,US
ARIS,nyse,US
ARKO,nasdaq,US
ARLO,nyse,US
ARM,nasdaq,US
ARMK,nyse,US
ARMP,amex,US
AROC,nyse,US
ARQT,nasdaq,US
ARR,nyse,US
ARRY,nasdaq,US
ARTNA,nasdaq,US
ARVN,nasdaq,US
ARWR,nasdaq,US
ARX,nyse,US
AS,nyse,US
ASA,nyse,US
ASAN,nyse,US
ASB,nyse,US
ASC,nyse,US
ASGN,nyse,US
ASH,nyse,US
ASHM.L,ftse250,EU
ASIC,nyse,US
ASIX,nyse,US
ASLE,nasdaq,US
ASM,amex,US
ASM.AS,aex,EU
ASMB,nasdaq,US
ASML,nasdaq,US
ASML.AS,aex,EU
ASND,nasdaq,US
ASO,nasdaq,US
ASPI,nasdaq,US
ASR,nyse,US
ASSA-B.ST,omxs30,EU
ASST,nasdaq,US
ASTE,nasdaq,US
ASTH,nasdaq,US
ASTS,nasdaq,US
ASX,nyse,US
ATAT,nasdaq,US
ATCO-A.ST,omxs30,EU
ATEC,nasdaq,US
ATEN,nyse,US
ATEX,nasdaq,US
ATHM,nyse,US
ATHS,nyse,US
ATI,nyse,US
ATK.L,ftse250,EU
ATKR,nyse,US
ATLC,nasdaq,US
ATLCP,nasdaq,US
ATMU,nyse,US
ATNI,nasdaq,US
ATO,nyse,US
ATO.PA,cac40,EU
ATR,nyse,US
ATRC,nasdaq,US
ATRO,nasdaq,US
ATS,nyse,US
AU,nyse,US
AUB,nyse,US
AUGO,nasdaq,US
AUNA,nyse,US
AUPH,nasdaq,US
AURA,nasdaq,US
AUTO.L,ftse100,EU
AV.L,ftse100,EU
AVA,nyse,US
AVAH,nasdaq,US
AVAV,nasdaq,US
AVB,nyse,US
AVBC,nyse,US
AVBH,nasdaq,US
AVBP,nasdaq,US
AVGO,nasdaq,US
AVNS,nyse,US
AVNT,nyse,US
AVO,nasdaq,US
AVON.L,ftse250,EU
AVPT,nasdaq,US
AVR,nasdaq,US
AVT,nasdaq,US
AVTR,nyse,US
AVTX,nasdaq,US
AVY,nyse,US
AWI,nyse,US
AWK,nyse,US
AWR,nyse,US
AX,nyse,US
AXGN,nasdaq,US
AXIA,nyse,US
AXON,nasdaq,US
AXP,nyse,US
AXS,nyse,US
AXSM,nasdaq,US
AXTA,nyse,US
AXTI,nasdaq,US
AYI,nyse,US
AZM.MI,ftsemib,EU
AZN,nyse,US
AZN.L,ftse100,EU
AZN.ST,omxs30,EU
AZO,nyse,US
AZTA,nasdaq,US
AZZ,nyse,US
B,nyse,US
BA,nyse,US
BA.L,ftse100,EU
BABA,nyse,US
BAC,nyse,US
BAH,nyse,US
BAKK.L,ftse250,EU
BAKKA.OL,obx,EU
BALL,nyse,US
BALY,nyse,US
BAM,nyse,US
BAMI.MI,ftsemib,EU
BANC,nyse,US
BAND,nasdaq,US
BANF,nasdaq,US
BANFP,nasdaq,US
BANR,nasdaq,US
BAP,nyse,US
BARC.L,ftse100,EU
BAS.DE,dax,EU
BATRA,nasdaq,US
BATRK,nasdaq,US
BAVA.CO,omxc25,EU
BAX,nyse,US
BAYN.DE,dax,EU
BBAR,nyse,US
BBBY,nyse,US
BBCP,nasdaq,US
BBDC,nyse,US
BBIO,nasdaq,US
BBNX,nasdaq,US
BBOT,nasdaq,US
BBOX.L,ftse250,EU
BBSI,nasdaq,US
BBT,nyse,US
BBUC,nyse,US
BBVA,nyse,US
BBVA.MC,ibex35,EU
BBWI,nyse,US
BBY,nyse,US
BC,nyse,US
BCAL,nasdaq,US
BCAT,nyse,US
BCAX,nasdaq,US
BCC,nyse,US
BCE,nyse,US
BCH,nyse,US
BCML,nasdaq,US
BCO,nyse,US
BCPC,nasdaq,US
BCPT.L,ftse250,EU
BCRX,nasdaq,US
BCS,nyse,US
BCSF,nyse,US
BCX,nyse,US
BCYC,nasdaq,US
BDC,nyse,US
BDEV.L,ftse100,EU
BDJ,nyse,US
BDX,nyse,US
BE,nyse,US
BEAM,nasdaq,US
BEI.DE,dax,EU
BEKE,nyse,US
BELFA,nasdaq,US
BELFB,nasdaq,US
BEN,nyse,US
BEPC,nyse,US
BESI.AS,aex,EU
BETA,nyse,US
BETR,nasdaq,US
BEZ.L,ftse100,EU
BFAM,nyse,US
BFC,nasdaq,US
BFH,nyse,US
BFS,nyse,US
BFST,nasdaq,US
BG,nyse,US
BG.VI,atx,EU
BGC,nasdaq,US
BGEO.L,ftse250,EU
BGR,nyse,US
BGS,nyse,US
BGSI,nyse,US
BH,nyse,US
BHB,amex,US
BHC,nyse,US
BHE,nyse,US
BHF,nasdaq,US
BHFAL,nasdaq,US
BHFAM,nasdaq,US
BHFAN,nasdaq,US
BHFAO,nasdaq,US
BHFAP,nasdaq,US
BHP,nyse,US
BHP.L,ftse250,EU
BHRB,nasdaq,US
BHVN,nyse,US
BIDU,nasdaq,US
BIIB,nasdaq,US
BILI,nasdaq,US
BILL,nyse,US
BIO,nyse,US
BIOA,nasdaq,US
BIPC,nyse,US
BIRK,nyse,US
BIRK.L,ftse250,EU
BJ,nyse,US
BJRI,nasdaq,US
BK,nyse,US
BKD,nyse,US
BKE,nyse,US
BKG.L,ftse100,EU
BKH,nyse,US
BKNG,nasdaq,US
BKR,nasdaq,US
BKSY,nyse,US
BKT,nyse,US
BKT.MC,ibex35,EU
BKTI,amex,US
BKU,nyse,US
BKV,nyse,US
BL,nasdaq,US
BLBD,nasdaq,US
BLCO,nyse,US
BLD,nyse,US
BLDR,nyse,US
BLFS,nasdaq,US
BLK,nyse,US
BLKB,nasdaq,US
BLLN,nasdaq,US
BLMN,nasdaq,US
BLND.L,ftse250,EU
BLSH,nyse,US
BLTE,nasdaq,US
BLX,nyse,US
BMA,nyse,US
BME,nyse,US
BME.L,ftse100,EU
BMI,nyse,US
BMNR,amex,US
BMO,nyse,US
BMRC,nasdaq,US
BMRN,nasdaq,US
BMW.DE,dax,EU
BMY,nyse,US
BMY.L,ftse250,EU
BN,nyse,US
BN.PA,cac40,EU
BNKR.L,ftse250,EU
BNL,nyse,US
BNP.PA,cac40,EU
BNR.DE,dax,EU
BNS,nyse,US
BNT,nyse,US
BNTC,nasdaq,US
BNTX,nasdaq,US
BNZL.L,ftse100,EU
BOBS,nyse,US
BOC,nyse,US
BOH,nyse,US
BOKF,nasdaq,US
BOL.ST,omxs30,EU
BOOT,nyse,US
BORR,nyse,US
BOX,nyse,US
BOY.L,ftse250,EU
BP,nyse,US
BP.L,ftse100,EU
BPE.MI,ftsemib,EU
BPER.MI,ftsemib,EU
BPOP,nasdaq,US
BPOPM,nasdaq,US
BR,nyse,US
BRAI,nasdaq,US
BRBI,nasdaq,US
BRBR,nyse,US
BRBY.L,ftse100,EU
BRC,nyse,US
BRCB,nasdaq,US
BREE.L,ftse250,EU
BRK/A,nyse,US
BRK/B,nyse,US
BRKR,nasdaq,US
BRKRP,nasdaq,US
BRO,nyse,US
BROS,nyse,US
BRSC.L,ftse250,EU
BRSL,nyse,US
BRSP,nyse,US
BRX,nyse,US
BRZE,nasdaq,US
BSAC,nyse,US
BSRR,nasdaq,US
BST,nyse,US
BSTZ,nyse,US
BSVN,nasdaq,US
BSX,nyse,US
BSY,nasdaq,US
BT-A.L,ftse100,EU
BTDR,nasdaq,US
BTG,amex,US
BTGO,nyse,US
BTI,nyse,US
BTSG,nasdaq,US
BTU,nyse,US
BTX,nyse,US
BTZ,nyse,US
BUD,nyse,US
BULL,nasdaq,US
BUR,nyse,US
BURL,nyse,US
BUSE,nasdaq,US
BUSEP,nasdaq,US
BV,nyse,US
BVC,nasdaq,US
BVIC.L,ftse250,EU
BVN,nyse,US
BVS,nasdaq,US
BWA,nyse,US
BWAY,nasdaq,US
BWB,nasdaq,US
BWBBP,nasdaq,US
BWFG,nasdaq,US
BWIN,nasdaq,US
BWLP,nyse,US
BWMN,nasdaq,US
BWMX,nyse,US
BWXT,nyse,US
BWY.L,ftse250,EU
BX,nyse,US
BXC,nyse,US
BXMT,nyse,US
BXP,nyse,US
BY,nyse,US
BYD,nyse,US
BYRN,nasdaq,US
BZ,nasdaq,US
BZH,nyse,US
BZU.MI,ftsemib,EU
C,nyse,US
CA.PA,cac40,EU
CAAP,nyse,US
CABK.MC,ibex35,EU
CABO,nyse,US
CAC,nasdaq,US
CACC,nasdaq,US
CACI,nyse,US
CAE,nyse,US
CAG,nyse,US
CAH,nyse,US
CAI,nasdaq,US
CAI.VI,atx,EU
CAKE,nasdaq,US
CAL,nyse,US
CAL.L,ftse250,EU
CALM,nasdaq,US
CALX,nyse,US
CALY,nyse,US
CAMT,nasdaq,US
CAP.PA,cac40,EU
CAPR,nasdaq,US
CAR,nasdaq,US
CARE,nasdaq,US
CARG,nasdaq,US
CARL,nasdaq,US
CARL-B.CO,omxc25,EU
CARR,nyse,US
CARS,nyse,US
CART,nasdaq,US
CASH,nasdaq,US
CASS,nasdaq,US
CASY,nasdaq,US
CAT,nyse,US
CATX,amex,US
CATY,nasdaq,US
CAVA,nyse,US
CB,nyse,US
CBAN,nyse,US
CBC,nasdaq,US
CBG.L,ftse100,EU
CBIO,nasdaq,US
CBK,nasdaq,US
CBK.DE,dax,EU
CBL,nyse,US
CBLL,nasdaq,US
CBNK,nasdaq,US
CBRE,nyse,US
CBRL,nasdaq,US
CBSH,nasdaq,US
CBT,nyse,US
CBU,nyse,US
CBZ,nyse,US
CC,nyse,US
CCAP,nasdaq,US
CCB,nasdaq,US
CCBG,nasdaq,US
CCC,nasdaq,US
CCC.L,ftse250,EU
CCC.WA,wig20,EU
CCEC,nasdaq,US
CCEP,nasdaq,US
CCH.L,ftse100,EU
CCI,nyse,US
CCJ,nyse,US
CCK,nyse,US
CCL,nyse,US
CCL.L,ftse250,EU
CCLDO,nasdaq,US
CCNE,nasdaq,US
CCNEP,nasdaq,US
CCOI,nasdaq,US
CCS,nyse,US
CCSI,nasdaq,US
CCU,nyse,US
CCZ,nyse,US
CDE,nyse,US
CDLR,nyse,US
CDNA,nasdaq,US
CDNL,nasdaq,US
CDNS,nasdaq,US
CDP,nyse,US
CDR.WA,wig20,EU
CDRE,nyse,US
CDRO,nasdaq,US
CDZI,nasdaq,US
CDZIP,nasdaq,US
CE,nyse,US
CECO,nasdaq,US
CEG,nasdaq,US
CELC,nasdaq,US
CELH,nasdaq,US
CENT,nasdaq,US
CENTA,nasdaq,US
CENX,nasdaq,US
CEPU,nyse,US
CERT,nasdaq,US
CET,amex,US
CEVA,nasdaq,US
CF,nyse,US
CFFN,nasdaq,US
CFG,nyse,US
CFLT,nasdaq,US
CFR,nyse,US
CFR.SW,smi,EU
CG,nasdaq,US
CGAU,nyse,US
CGBD,nasdaq,US
CGEM,nasdaq,US
CGNT,nasdaq,US
CGNX,nasdaq,US
CGON,nasdaq,US
CHA,nasdaq,US
CHCO,nasdaq,US
CHCT,nyse,US
CHD,nyse,US
CHDN,nasdaq,US
CHE,nyse,US
CHEF,nasdaq,US
CHH,nyse,US
CHKP,nasdaq,US
CHR.CO,omxc25,EU
CHRD,nasdaq,US
CHRT.L,ftse250,EU
CHSCL,nasdaq,US
CHSCM,nasdaq,US
CHSCN,nasdaq,US
CHSCO,nasdaq,US
CHSCP,nasdaq,US
CHT,nyse,US
CHTR,nasdaq,US
CHWY,nyse,US
CHYM,nasdaq,US
CI,nyse,US
CIB,nyse,US
CIEN,nyse,US
CIFR,nasdaq,US
CIGI,nasdaq,US
CII,nyse,US
CIM,nyse,US
CINE.L,ftse250,EU
CINF,nasdaq,US
CION,nyse,US
CIVB,nasdaq,US
CL,nyse,US
CLB,nyse,US
CLBK,nasdaq,US
CLBT,nasdaq,US
CLDT,nyse,US
CLDX,nasdaq,US
CLF,nyse,US
CLFD,nasdaq,US
CLG.L,ftse250,EU
CLH,nyse,US
CLMB,nasdaq,US
CLMT,nasdaq,US
CLNX.MC,ibex35,EU
CLPT,nasdaq,US
CLS,nyse,US
CLSK,nasdaq,US
CLX,nyse,US
CLYM,nasdaq,US
CM,nyse,US
CMBT,nyse,US
CMC,nyse,US
CMCL,amex,US
CMCM,nyse,US
CMCO,nasdaq,US
CMCSA,nasdaq,US
CMCX.L,ftse250,EU
CMDB,nyse,US
CME,nasdaq,US
CMG,nyse,US
CMI,nyse,US
CMP,nyse,US
CMPR,nasdaq,US
CMPS,nasdaq,US
CMPX,nasdaq,US
CMRE,nyse,US
CMS,nyse,US
CNA,nyse,US
CNA.L,ftse100,EU
CNC,nyse,US
CNH,nyse,US
CNI,nyse,US
CNK,nyse,US
CNL,amex,US
CNM,nyse,US
CNMD,nyse,US
CNNE,nyse,US
CNO,nyse,US
CNOB,nasdaq,US
CNOBP,nasdaq,US
CNP,nyse,US
CNQ,nyse,US
CNR,nyse,US
CNS,nyse,US
CNTA,nasdaq,US
CNX,nyse,US
CNXC,nasdaq,US
CNXN,nasdaq,US
COA.L,ftse250,EU
COCO,nasdaq,US
CODI,nyse,US
COF,nyse,US
COFB.BR,bel20,EU
COFS,nasdaq,US
COGT,nasdaq,US
COHR,nyse,US
COHU,nasdaq,US
COIN,nasdaq,US
COKE,nasdaq,US
COLB,nasdaq,US
COLD,nyse,US
COLL,nasdaq,US
COLM,nasdaq,US
COLO-B.CO,omxc25,EU
COLR.BR,bel20,EU
COMP,nyse,US
CON,nyse,US
CON.DE,dax,EU
COO,nasdaq,US
COP,nyse,US
COR,nyse,US
CORT,nasdaq,US
CORZ,nasdaq,US
COSO,nyse,US
COST,nasdaq,US
COUR,nyse,US
CP,nyse,US
CPA,nyse,US
CPAC,nyse,US
CPAY,nyse,US
CPB,nasdaq,US
CPF,nyse,US
CPG.L,ftse100,EU
CPK,nyse,US
CPNG,nyse,US
CPR.MI,ftsemib,EU
CPRI,nyse,US
CPRT,nasdaq,US
CPRX,nasdaq,US
CPS,nyse,US
CPS.WA,wig20,EU
CPT,nyse,US
CR,nyse,US
CRAI,nasdaq,US
CRBG,nyse,US
CRC,nyse,US
CRCL,nyse,US
CRD-A.L,ftse250,EU
CRDA.L,ftse100,EU
CRDO,nasdaq,US
CREI.L,ftse250,EU
CRESY,nasdaq,US
CRGY,nyse,US
CRH,nyse,US
CRI,nyse,US
CRK,nyse,US
CRL,nyse,US
CRM,nyse,US
CRMD,nasdaq,US
CRML,nasdaq,US
CRNC,nasdaq,US
CRNX,nasdaq,US
CROX,nasdaq,US
CRS,nyse,US
CRSP,nasdaq,US
CRSR,nasdaq,US
CRST.L,ftse250,EU
CRTO,nasdaq,US
CRUS,nasdaq,US
CRVL,nasdaq,US
CRVS,nasdaq,US
CRWD,nasdaq,US
CRWV,nasdaq,US
CS.PA,cac40,EU
CSAN,nyse,US
CSCO,nasdaq,US
CSGN.SW,smi,EU
CSGP,nasdaq,US
CSGS,nasdaq,US
CSIQ,nasdaq,US
CSL,nyse,US
CSQ,nasdaq,US
CSR,nyse,US
CSTL,nasdaq,US
CSTM,nyse,US
CSV,nyse,US
CSWC,nasdaq,US
CSX,nasdaq,US
CTAS,nasdaq,US
CTBI,nasdaq,US
CTEC.L,ftse100,EU
CTGO,amex,US
CTLP,nasdaq,US
CTMX,nasdaq,US
CTNM,nasdaq,US
CTO,nyse,US
CTOS,nyse,US
CTRA,nyse,US
CTRE,nyse,US
CTRI,nyse,US
CTRN,nasdaq,US
CTS,nyse,US
CTSH,nasdaq,US
CTVA,nyse,US
CTY.L,ftse250,EU
CUB,nasdaq,US
CUBE,nyse,US
CUBI,nyse,US
CUK,nyse,US
CURB,nyse,US
CUZ,nyse,US
CVBF,nasdaq,US
CVCO,nasdaq,US
CVE,nyse,US
CVEO,nyse,US
CVI,nyse,US
CVLG,nyse,US
CVLT,nasdaq,US
CVNA,nyse,US
CVS,nyse,US
CVSA,nyse,US
CVX,nyse,US
CWAN,nyse,US
CWBC,nasdaq,US
CWCO,nasdaq,US
CWEN,nyse,US
CWH,nyse,US
CWK,nyse,US
CWK.L,ftse250,EU
CWST,nasdaq,US
CWT,nyse,US
CX,nyse,US
CXM,nyse,US
CXT,nyse,US
CYD,nyse,US
CYRX,nasdaq,US
CYTK,nasdaq,US
CZNC,nasdaq,US
CZR,nasdaq,US
D,nyse,US
DAC,nyse,US
DAKT,nasdaq,US
DAL,nyse,US
DAN,nyse,US
DANSKE.CO,omxc25,EU
DAO,nyse,US
DAR,nyse,US
DARK.L,ftse100,EU
DASH,nasdaq,US
DAVE,nasdaq,US
DAWN,nasdaq,US
DB,nyse,US
DB1.DE,dax,EU
DBD,nyse,US
DBI,nyse,US
DBK.DE,dax,EU
DBRG,nyse,US
DBVT,nasdaq,US
DBX,nasdaq,US
DC,amex,US
DCBO,nasdaq,US
DCC.L,ftse100,EU
DCH,nyse,US
DCI,nyse,US
DCO,nyse,US
DCOM,nasdaq,US
DCOMP,nasdaq,US
DCTH,nasdaq,US
DD,nyse,US
DDI,nasdaq,US
DDOG,nasdaq,US
DDS,nyse,US
DDT,nyse,US
DE,nyse,US
DEA,nyse,US
DEC,nyse,US
DECK,nyse,US
DEI,nyse,US
DELL,nyse,US
DEMANT.CO,omxc25,EU
DEO,nyse,US
DFH,nyse,US
DFIN,nyse,US
DFTX,nasdaq,US
DG,nyse,US
DG.PA,cac40,EU
DGE.L,ftse100,EU
DGICA,nasdaq,US
DGICB,nasdaq,US
DGII,nasdaq,US
DGX,nyse,US
DHC,nasdaq,US
DHI,nyse,US
DHIL,nasdaq,US
DHL.DE,dax,EU
DHR,nyse,US
DHT,nyse,US
DIA.MI,ftsemib,EU
DIN,nyse,US
DINO,nyse,US
DIOD,nasdaq,US
DIS,nyse,US
DJAN.L,ftse250,EU
DJCO,nasdaq,US
DJT,nasdaq,US
DK,nyse,US
DKNG,nasdaq,US
DKS,nyse,US
DLB,nyse,US
DLN.L,ftse250,EU
DLO,nasdaq,US
DLR,nyse,US
DLTR,nasdaq,US
DLX,nyse,US
DLY,nyse,US
DMAC,nasdaq,US
DNA,nyse,US
DNB.OL,obx,EU
DNLI,nasdaq,US
DNP.WA,wig20,EU
DNTH,nasdaq,US
DO.VI,atx,EU
DOC,nyse,US
DOCN,nyse,US
DOCS,nyse,US
DOCS.L,ftse250,EU
DOCU,nasdaq,US
DOLE,nyse,US
DOM.L,ftse250,EU
DOO,nasdaq,US
DORM,nasdaq,US
DOV,nyse,US
DOX,nasdaq,US
DPLM.L,ftse100,EU
DPZ,nasdaq,US
DQ,nyse,US
DRD,nyse,US
DRH,nasdaq,US
DRI,nyse,US
DRS,nasdaq,US
DRTS,nasdaq,US
DRUG,nasdaq,US
DRVN,nasdaq,US
DRX.L,ftse250,EU
DSGN,nasdaq,US
DSGR,nasdaq,US
DSGX,nasdaq,US
DSL,nyse,US
DSM.AS,aex,EU
DSP,nasdaq,US
DSV.CO,omxc25,EU
DSY.PA,cac40,EU
DT,nyse,US
DTB,nyse,US
DTE,nyse,US
DTE.DE,dax,EU
DTG,nyse,US
DTG.DE,dax,EU
DTM,nyse,US
DUK,nyse,US
DUKB,nyse,US
DUOL,nasdaq,US
DV,nyse,US
DVA,nyse,US
DVN,nyse,US
DWHT.L,ftse250,EU
DX,nyse,US
DXC,nyse,US
DXCM,nasdaq,US
DXPE,nasdaq,US
DY,nyse,US
DYN,nasdaq,US
E,nyse,US
EA,nasdaq,US
EAI,nyse,US
EAT,nyse,US
EBAY,nasdaq,US
EBC,nasdaq,US
EBF,nyse,US
EBS,nyse,US
EBS.VI,atx,EU
EC,nyse,US
ECAT,nyse,US
ECCC,nyse,US
ECG,nyse,US
ECL,nyse,US
ECM.L,ftse250,EU
ECO,nyse,US
ECPG,nasdaq,US
ECVT,nyse,US
ED,nyse,US
EDN,nyse,US
EDU,nyse,US
EDV.L,ftse100,EU
EE,nyse,US
EEFT,nasdaq,US
EFC,nyse,US
EFSC,nasdaq,US
EFSCP,nasdaq,US
EFT,nyse,US
EFX,nyse,US
EFXT,nyse,US
EG,nyse,US
EGBN,nasdaq,US
EGP,nyse,US
EGY,nyse,US
EH,nasdaq,US
EHAB,nyse,US
EHC,nyse,US
EIG,nyse,US
EIKN,nasdaq,US
EIX,nyse,US
EL,nyse,US
EL.PA,cac40,EU
ELA,amex,US
ELAN,nyse,US
ELC,nyse,US
ELE,nasdaq,US
ELE.MC,ibex35,EU
ELF,nyse,US
ELI.BR,bel20,EU
ELISA.HE,omxh25,EU
ELLO,amex,US
ELM.L,ftse250,EU
ELPC,nyse,US
ELS,nyse,US
ELUX-B.ST,omxs30,EU
ELV,nyse,US
ELVA,nasdaq,US
ELVN,nasdaq,US
ELVR,nasdaq,US
EMA,nyse,US
EMBC,nasdaq,US
EMBJ,nyse,US
EME,nyse,US
EMG.L,ftse250,EU
EMN,nyse,US
EMP,nyse,US
EMR,nyse,US
EN.PA,cac40,EU
ENB,nyse,US
ENEL.MI,ftsemib,EU
ENG.MC,ibex35,EU
ENGI.PA,cac40,EU
ENGN,nasdaq,US
ENI.MI,ftsemib,EU
ENJ,nyse,US
ENLT,nasdaq,US
ENO,nyse,US
ENOG.L,ftse250,EU
ENOV,nyse,US
ENPH,nasdaq,US
ENR,nyse,US
ENR.DE,dax,EU
ENS,nyse,US
ENSG,nasdaq,US
ENT.L,ftse100,EU
ENTA,nasdaq,US
ENTG,nasdaq,US
ENVA,nyse,US
ENVX,nasdaq,US
EOG,nyse,US
EON.DE,dax,EU
EOSE,nasdaq,US
EPAC,nyse,US
EPAM,nyse,US
EPC,nyse,US
EPD,nyse,US
EPR,nyse,US
EPRT,nyse,US
EPRX,nasdaq,US
EQBK,nyse,US
EQH,nyse,US
EQIX,nasdaq,US
EQNR,nyse,US
EQNR.OL,obx,EU
EQPT,nasdaq,US
EQR,nyse,US
EQT,nyse,US
EQX,amex,US
ERAS,nasdaq,US
ERF.PA,cac40,EU
ERG.MI,ftsemib,EU
ERIC,nasdaq,US
ERIC-B.ST,omxs30,EU
ERIE,nasdaq,US
ERII,nasdaq,US
ERIS.L,ftse250,EU
ERO,nyse,US
ES,nyse,US
ESAB,nyse,US
ESE,nyse,US
ESEA,nasdaq,US
ESI,nyse,US
ESLT,nasdaq,US
ESNT,nyse,US
ESNT.L,ftse250,EU
ESQ,nasdaq,US
ESRT,nyse,US
ESS,nyse,US
ESSITY-B.ST,omxs30,EU
ESTA,nasdaq,US
ESTC,nyse,US
ETB,nyse,US
ETD,nyse,US
ETN,nyse,US
ETO,nyse,US
ETON,nasdaq,US
ETOR,nasdaq,US
ETR,nyse,US
ETSY,nyse,US
ETV,nyse,US
EVCM,nasdaq,US
EVER,nasdaq,US
EVLV,nasdaq,US
EVMN,nyse,US
EVN,nyse,US
EVN.VI,atx,EU
EVO.ST,omxs30,EU
EVR,nyse,US
EVR.L,ftse250,EU
EVRG,nasdaq,US
EVTC,nyse,US
EWBC,nasdaq,US
EWCZ,nasdaq,US
EWTX,nasdaq,US
EXAS,nasdaq,US
EXC,nasdaq,US
EXE,nasdaq,US
EXEL,nasdaq,US
EXK,nyse,US
EXLS,nasdaq,US
EXOD,amex,US
EXP,nyse,US
EXPD,nyse,US
EXPE,nasdaq,US
EXPI,nasdaq,US
EXPN.L,ftse100,EU
EXPO,nasdaq,US
EXR,nyse,US
EXTR,nasdaq,US
EYE,nasdaq,US
EYPT,nasdaq,US
EZJ.L,ftse100,EU
F,nyse,US
FA,nasdaq,US
FAF,nyse,US
FANG,nasdaq,US
FAST,nasdaq,US
FBIN,nyse,US
FBIOP,nasdaq,US
FBIZ,nasdaq,US
FBK,nyse,US
FBK.MI,ftsemib,EU
FBNC,nasdaq,US
FBP,nyse,US
FBRT,nyse,US
FBRX,nasdaq,US
FBYD,nasdaq,US
FCBC,nasdaq,US
FCEL,nasdaq,US
FCF,nyse,US
FCFS,nasdaq,US
FCIT.L,ftse250,EU
FCN,nyse,US
FCNCA,nasdaq,US
FCNCN,nasdaq,US
FCPT,nyse,US
FCX,nyse,US
FDM.L,ftse250,EU
FDMT,nasdaq,US
FDP,nyse,US
FDR.MC,ibex35,EU
FDUS,nasdaq,US
FDX,nyse,US
FE,nyse,US
FEIM,nasdaq,US
FELE,nasdaq,US
FER,nasdaq,US
FER.MC,ibex35,EU
FERG,nyse,US
FET,nyse,US
FFBC,nasdaq,US
FFIC,nasdaq,US
FFIN,nasdaq,US
FFIV,nasdaq,US
FFWM,nyse,US
FG,nyse,US
FGT.L,ftse250,EU
FHB,nasdaq,US
FHI,nyse,US
FHN,nyse,US
FHTX,nasdaq,US
FIBK,nasdaq,US
FICO,nyse,US
FIG,nyse,US
FIGR,nasdaq,US
FIGS,nyse,US
FIHL,nyse,US
FINS,nyse,US
FINV,nyse,US
FIP,nasdaq,US
FIS,nyse,US
FISI,nasdaq,US
FISV,nasdaq,US
FITB,nasdaq,US
FITBI,nasdaq,US
FITBM,nasdaq,US
FITBO,nasdaq,US
FITBP,nasdaq,US
FIVE,nasdaq,US
FIVN,nasdaq,US
FIX,nyse,US
FIZZ,nasdaq,US
FLEX,nasdaq,US
FLG,nyse,US
FLGT,nasdaq,US
FLNC,nasdaq,US
FLNG,nyse,US
FLNG.OL,obx,EU
FLO,nyse,US
FLOC,nyse,US
FLR,nyse,US
FLS,nyse,US
FLS.CO,omxc25,EU
FLTR.L,ftse100,EU
FLU.VI,atx,EU
FLUT,nyse,US
FLY,nasdaq,US
FMAO,nasdaq,US
FMBH,nasdaq,US
FMC,nyse,US
FME.DE,dax,EU
FMN,nyse,US
FMNB,nasdaq,US
FMS,nyse,US
FMX,nyse,US
FN,nyse,US
FNB,nyse,US
FND,nyse,US
FNF,nyse,US
FNLC,nasdaq,US
FNV,nyse,US
FOF,nyse,US
FOLD,nasdaq,US
FOR,nyse,US
FORM,nasdaq,US
FORTUM.HE,omxh25,EU
FORTY,nasdaq,US
FOUR,nyse,US
FOUR.L,ftse250,EU
FOX,nasdaq,US
FOXA,nasdaq,US
FOXF,nasdaq,US
FPH,nyse,US
FPI,nyse,US
FPS,nyse,US
FR,nyse,US
FRA,nyse,US
FRAS.L,ftse100,EU
FRBA,nasdaq,US
FRE.DE,dax,EU
FRES.L,ftse100,EU
FRGE,nyse,US
FRHC,nasdaq,US
FRME,nasdaq,US
FRMEP,nasdaq,US
FRMI,nasdaq,US
FRO,nyse,US
FRO.OL,obx,EU
FROG,nasdaq,US
FRPH,nasdaq,US
FRPT,nasdaq,US
FRSH,nasdaq,US
FRST,nasdaq,US
FRT,nyse,US
FSBC,nasdaq,US
FSCO,nyse,US
FSK,nyse,US
FSLR,nasdaq,US
FSLY,nasdaq,US
FSM,nyse,US
FSS,nyse,US
FSTR,nasdaq,US
FSUN,nasdaq,US
FSV,nasdaq,US
FSV.L,ftse250,EU
FTAI,nasdaq,US
FTAIM,nasdaq,US
FTAIN,nasdaq,US
FTDR,nasdaq,US
FTHY,nyse,US
FTI,nyse,US
FTK,nyse,US
FTNT,nasdaq,US
FTRE,nasdaq,US
FTS,nyse,US
FTV,nyse,US
FUL,nyse,US
FULC,nasdaq,US
FULT,nasdaq,US
FULTP,nasdaq,US
FUN,nyse,US
FUTU,nasdaq,US
FVR,nyse,US
FVRR,nyse,US
FWONA,nasdaq,US
FWONK,nasdaq,US
FWRD,nasdaq,US
FWRG,nasdaq,US
G,nyse,US
G.MI,ftsemib,EU
GAB,nyse,US
GABC,nasdaq,US
GAIN,nasdaq,US
GAM,nyse,US
GAP,nyse,US
GASS,nasdaq,US
GATX,nyse,US
GAW.L,ftse250,EU
GBAB,nyse,US
GBCI,nyse,US
GBDC,nasdaq,US
GBFH,nasdaq,US
GBLB.BR,bel20,EU
GBLI,nasdaq,US
GBTG,nyse,US
GBX,nyse,US
GCBC,nasdaq,US
GCMG,nasdaq,US
GCP.L,ftse250,EU
GCT,nasdaq,US
GD,nyse,US
GDDY,nyse,US
GDEN,nasdaq,US
GDOT,nyse,US
GDS,nasdaq,US
GDV,nyse,US
GDYN,nasdaq,US
GE,nyse,US
GEBN.SW,smi,EU
GEF,nyse,US
GEHC,nasdaq,US
GEMI,nasdaq,US
GEN,nasdaq,US
GENI,nyse,US
GEO,nyse,US
GETI-B.ST,omxs30,EU
GEV,nyse,US
GFF,nyse,US
GFI,nyse,US
GFL,nyse,US
GFR,nyse,US
GFS,nasdaq,US
GFTU.L,ftse250,EU
GGAL,nasdaq,US
GGG,nyse,US
GH,nasdaq,US
GHC,nyse,US
GHM,nyse,US
GHRS,nasdaq,US
GIB,nyse,US
GIC,nyse,US
GIII,nasdaq,US
GIL,nyse,US
GILD,nasdaq,US
GILT,nasdaq,US
GIS,nyse,US
GIVN.SW,smi,EU
GJF.OL,obx,EU
GJS,nyse,US
GKOS,nyse,US
GL,nyse,US
GLAD,nasdaq,US
GLBE,nasdaq,US
GLDD,nasdaq,US
GLE.PA,cac40,EU
GLEN.L,ftse100,EU
GLIBA,nasdaq,US
GLIBK,nasdaq,US
GLNG,nasdaq,US
GLOB,nyse,US
GLOO,nasdaq,US
GLPG,nasdaq,US
GLPI,nasdaq,US
GLRE,nasdaq,US
GLSI,nasdaq,US
GLTO,nasdaq,US
GLUE,nasdaq,US
GLXY,nasdaq,US
GM,nyse,US
GMAB,nasdaq,US
GME,nyse,US
GMED,nyse,US
GN.CO,omxc25,EU
GNE,nyse,US
GNK,nyse,US
GNL,nyse,US
GNRC,nyse,US
GNS.L,ftse250,EU
GNTX,nasdaq,US
GO,nasdaq,US
GOLD,nyse,US
GOLF,nyse,US
GOOD,nasdaq,US
GOODN,nasdaq,US
GOODO,nasdaq,US
GOOG,nasdaq,US
GOOGL,nasdaq,US
GOOS,nyse,US
GPC,nyse,US
GPCR,nasdaq,US
GPGI,nyse,US
GPI,nyse,US
GPK,nyse,US
GPN,nyse,US
GPOR,nyse,US
GPOR.L,ftse250,EU
GPRE,nasdaq,US
GPRK,nyse,US
GRAL,nasdaq,US
GRBK,nyse,US
GRC,nyse,US
GRDN,nyse,US
GRF.MC,ibex35,EU
GRFS,nasdaq,US
GRG.L,ftse250,EU
GRI.L,ftse250,EU
GRMN,nyse,US
GRND,nyse,US
GRNT,nyse,US
GROW.L,ftse250,EU
GRPN,nasdaq,US
GRVY,nasdaq,US
GS,nyse,US
GSAT,nasdaq,US
GSBC,nasdaq,US
GSBD,nyse,US
GSHD,nasdaq,US
GSK,nyse,US
GSK.L,ftse100,EU
GSL,nyse,US
GSM,nasdaq,US
GT,nasdaq,US
GTES,nyse,US
GTLB,nasdaq,US
GTLS,nyse,US
GTM,nasdaq,US
GTN,nyse,US
GTX,nasdaq,US
GTY,nyse,US
GUT,nyse,US
GVA,nyse,US
GWRE,nyse,US
GXO,nyse,US
GYRE,nasdaq,US
H,nyse,US
HAE,nyse,US
HAFC,nasdaq,US
HAFN,nyse,US
HAL,nyse,US
HALO,nasdaq,US
HAS,nasdaq,US
HASI,nyse,US
HBAN,nasdaq,US
HBANL,nasdaq,US
HBANM,nasdaq,US
HBANP,nasdaq,US
HBANZ,nasdaq,US
HBCP,nasdaq,US
HBM,nyse,US
HBNB,nasdaq,US
HBNC,nasdaq,US
HBR.L,ftse250,EU
HBT,nasdaq,US
HCA,nyse,US
HCC,nyse,US
HCI,nyse,US
HCKT,nasdaq,US
HCM,nasdaq,US
HCMA,nasdaq,US
HCSG,nasdaq,US
HD,nyse,US
HDB,nyse,US
HDL,nasdaq,US
HDSN,nasdaq,US
HE,nyse,US
HEI,nyse,US
HEI.DE,dax,EU
HEIA.AS,aex,EU
HELE,nasdaq,US
HELP,nasdaq,US
HEN3.DE,dax,EU
HER.MI,ftsemib,EU
HESM,nyse,US
HEXA-B.ST,omxs30,EU
HFWA,nasdaq,US
HG,nyse,US
HGTY,nyse,US
HGV,nyse,US
HHH,nyse,US
HICL.L,ftse250,EU
HIFS,nasdaq,US
HIG,nyse,US
HII,nyse,US
HIK.L,ftse100,EU
HIMS,nyse,US
HIMX,nasdaq,US
HIPO,nyse,US
HL,nyse,US
HL.L,ftse100,EU
HLCL.L,ftse250,EU
HLF,nyse,US
HLI,nyse,US
HLIO,nyse,US
HLIT,nasdaq,US
HLMA.L,ftse100,EU
HLMN,nasdaq,US
HLN,nyse,US
HLN.L,ftse100,EU
HLNE,nasdaq,US
HLT,nyse,US
HLX,nyse,US
HM-B.ST,omxs30,EU
HMC,nyse,US
HMN,nyse,US
HMSO.L,ftse250,EU
HMY,nyse,US
HNGE,nyse,US
HNI,nyse,US
HNR1.DE,dax,EU
HNRG,nasdaq,US
HO.PA,cac40,EU
HOG,nyse,US
HOLN.SW,smi,EU
HOLX,nasdaq,US
HOMB,nyse,US
HON,nasdaq,US
HOOD,nasdaq,US
HOPE,nasdaq,US
HOV,nyse,US
HP,nyse,US
HPE,nyse,US
HPK,nasdaq,US
HPP,nyse,US
HPQ,nyse,US
HQH,nyse,US
HQL,nyse,US
HQY,nasdaq,US
HR,nyse,US
HRB,nyse,US
HRI,nyse,US
HRL,nyse,US
HRMY,nasdaq,US
HRTG,nyse,US
HSAI,nasdaq,US
HSBA.L,ftse100,EU
HSBC,nyse,US
HSHP,nyse,US
HSIC,nasdaq,US
HST,nasdaq,US
HSTM,nasdaq,US
HSV.L,ftse250,EU
HSX.L,ftse250,EU
HSY,nyse,US
HTB,nyse,US
HTBK,nasdaq,US
HTFL,nasdaq,US
HTGC,nyse,US
HTH,nyse,US
HTHT,nasdaq,US
HTLD,nasdaq,US
HTO,nasdaq,US
HTWS.L,ftse250,EU
HUBB,nyse,US
HUBG,nasdaq,US
HUBS,nyse,US
HUM,nyse,US
HUN,nyse,US
HURN,nasdaq,US
HUT,nasdaq,US
HVT,nyse,US
HWC,nasdaq,US
HWDN.L,ftse100,EU
HWKN,nasdaq,US
HWM,nyse,US
HXL,nyse,US
HY,nyse,US
HYMC,nasdaq,US
HZO,nyse,US
IAC,nasdaq,US
IAG,nyse,US
IAG.L,ftse100,EU
IAG.MC,ibex35,EU
IART,nasdaq,US
IBCP,nasdaq,US
IBE.MC,ibex35,EU
IBEX,nasdaq,US
IBKR,nasdaq,US
IBM,nyse,US
IBN,nyse,US
IBOC,nasdaq,US
IBP,nyse,US
IBRX,nasdaq,US
IBTA,nyse,US
ICE,nyse,US
ICFI,nasdaq,US
ICG.L,ftse100,EU
ICHR,nasdaq,US
ICLR,nasdaq,US
ICUI,nasdaq,US
IDA,nyse,US
IDCC,nasdaq,US
IDR,amex,US
IDR.MC,ibex35,EU
IDT,nyse,US
IDXX,nasdaq,US
IDYA,nasdaq,US
IE,amex,US
IEP,nasdaq,US
IESC,nasdaq,US
IEX,nyse,US
IFF,nyse,US
IFS,nyse,US
IFX.DE,dax,EU
IG.MI,ftsemib,EU
IGG.L,ftse250,EU
IGIC,nasdaq,US
IHG,nyse,US
IHG.L,ftse100,EU
IHS,nyse,US
IIA.VI,atx,EU
III.L,ftse100,EU
IIIN,nyse,US
IIIV,nasdaq,US
IIM,nyse,US
IIPR,nyse,US
ILMN,nasdaq,US
ILPT,nasdaq,US
IMAX,nyse,US
IMB.L,ftse100,EU
IMCR,nasdaq,US
IMI.L,ftse250,EU
IMKTA,nasdaq,US
IMMX,nasdaq,US
IMNM,nasdaq,US
IMO,amex,US
IMOS,nasdaq,US
IMPPP,nasdaq,US
IMRX,nasdaq,US
IMSR,nasdaq,US
IMTX,nasdaq,US
IMVT,nasdaq,US
IMXI,nasdaq,US
INBX,nasdaq,US
INCH.L,ftse250,EU
INCY,nasdaq,US
INDB,nasdaq,US
INDV,nasdaq,US
INF.L,ftse100,EU
INFQ,nyse,US
INFY,nyse,US
ING,nyse,US
INGA.AS,aex,EU
INGM,nyse,US
INGR,nyse,US
INMD,nasdaq,US
INNV,nasdaq,US
INOD,nasdaq,US
INR,nyse,US
INSM,nasdaq,US
INSP,nyse,US
INTA,nasdaq,US
INTC,nasdaq,US
INTR,nasdaq,US
INTU,nasdaq,US
INVA,nasdaq,US
INVE-B.ST,omxs30,EU
INVH,nyse,US
INVX,nyse,US
INW.MI,ftsemib,EU
IONQ,nyse,US
IONS,nasdaq,US
IOSP,nasdaq,US
IOT,nyse,US
IP,nyse,US
IP.MI,ftsemib,EU
IPAR,nasdaq,US
IPGP,nasdaq,US
IPI,nyse,US
IPO.L,ftse250,EU
IPX,nasdaq,US
IPX.L,ftse250,EU
IQI,nyse,US
IQV,nyse,US
IR,nyse,US
IRDM,nasdaq,US
IREN,nasdaq,US
IRM,nyse,US
IRMD,nasdaq,US
IRON,nasdaq,US
IRS,nyse,US
IRT,nyse,US
IRTC,nasdaq,US
ISBA,nasdaq,US
ISOU,amex,US
ISP.MI,ftsemib,EU
ISRG,nasdaq,US
ISS.CO,omxc25,EU
ISSC,nasdaq,US
ISTR,nasdaq,US
IT,nyse,US
ITGR,nyse,US
ITIC,nasdaq,US
ITRI,nasdaq,US
ITRK.L,ftse100,EU
ITRN,nasdaq,US
ITT,nyse,US
ITUB,nyse,US
ITV.L,ftse250,EU
ITX.MC,ibex35,EU
IVA,nasdaq,US
IVG.MI,ftsemib,EU
IVR,nyse,US
IVT,nyse,US
IVZ,nyse,US
IX,nyse,US
J,nyse,US
JACK,nasdaq,US
JANX,nasdaq,US
JAZZ,nasdaq,US
JBGS,nyse,US
JBHT,nasdaq,US
JBI,nyse,US
JBIO,nasdaq,US
JBL,nyse,US
JBLU,nasdaq,US
JBS,nyse,US
JBSS,nasdaq,US
JBTM,nyse,US
JCAP,nasdaq,US
JCI,nyse,US
JD,nasdaq,US
JD.L,ftse100,EU
JEF,nyse,US
JET2.L,ftse250,EU
JFIN,nasdaq,US
JHG,nyse,US
JHX,nyse,US
JJSF,nasdaq,US
JKHY,nasdaq,US
JKS,nyse,US
JLEN.L,ftse250,EU
JLG.L,ftse250,EU
JLL,nyse,US
JMIA,nyse,US
JNJ,nyse,US
JOBY,nyse,US
JOE,nyse,US
JOUT,nasdaq,US
JOYY,nasdaq,US
JPM,nyse,US
JRVR,nasdaq,US
JSW.WA,wig20,EU
JXN,nyse,US
JYSK.CO,omxc25,EU
KAI,nyse,US
KALU,nasdaq,US
KALV,nasdaq,US
KARO,nasdaq,US
KB,nyse,US
KBC.BR,bel20,EU
KBDC,nyse,US
KBH,nyse,US
KBR,nyse,US
KC,nasdaq,US
KD,nyse,US
KDK,nasdaq,US
KDP,nasdaq,US
KE,nasdaq,US
KELYA,nasdaq,US
KELYB,nasdaq,US
KEN,nyse,US
KEP,nyse,US
KER.PA,cac40,EU
KEX,nyse,US
KEY,nyse,US
KEYS,nyse,US
KFRC,nyse,US
KFS,nyse,US
KFY,nyse,US
KGC,nyse,US
KGF.L,ftse100,EU
KGH.WA,wig20,EU
KGS,nyse,US
KHC,nasdaq,US
KIDS,nasdaq,US
KIE.L,ftse250,EU
KIM,nyse,US
KINV-B.ST,omxs30,EU
KKR,nyse,US
KLAC,nasdaq,US
KLAR,nyse,US
KLIC,nasdaq,US
KMB,nasdaq,US
KMDA,nasdaq,US
KMI,nyse,US
KMPB,nyse,US
KMPR,nyse,US
KMT,nyse,US
KMTS,nasdaq,US
KMX,nyse,US
KN,nyse,US
KNEBV.HE,omxh25,EU
KNF,nyse,US
KNIN.SW,smi,EU
KNSA,nasdaq,US
KNSL,nyse,US
KNTK,nyse,US
KNX,nyse,US
KO,nyse,US
KOD,nasdaq,US
KODK,nyse,US
KOG.OL,obx,EU
KOJAMO.HE,omxh25,EU
KOP,nyse,US
KPN.AS,aex,EU
KR,nyse,US
KRC,nyse,US
KREF,nyse,US
KRG,nyse,US
KRMN,nyse,US
KRNT,nasdaq,US
KRNY,nasdaq,US
KRO,nyse,US
KROS,nasdaq,US
KRT,nasdaq,US
KRU.WA,wig20,EU
KRUS,nasdaq,US
KRYS,nasdaq,US
KSPI,nasdaq,US
KSS,nyse,US
KT,nyse,US
KTB,nyse,US
KTF,nyse,US
KTOS,nasdaq,US
KTWO,nasdaq,US
KTY.WA,wig20,EU
KURA,nasdaq,US
KVUE,nyse,US
KVYO,nyse,US
KWR,nyse,US
KWS.L,ftse250,EU
KYIV,nasdaq,US
KYMR,nasdaq,US
KYN,nyse,US
KYTX,nasdaq,US
L,nyse,US
LAD,nyse,US
LADR,nyse,US
LAMR,nasdaq,US
LAND,nasdaq,US
LAND.L,ftse100,EU
LANDO,nasdaq,US
LANDP,nasdaq,US
LAR,nyse,US
LASR,nasdaq,US
LAUR,nasdaq,US
LAZ,nyse,US
LB,nyse,US
LBRDA,nasdaq,US
LBRDK,nasdaq,US
LBRDP,nasdaq,US
LBRT,nyse,US
LBRX,nasdaq,US
LBTYA,nasdaq,US
LBTYB,nasdaq,US
LBTYK,nasdaq,US
LC,nyse,US
LCID,nasdaq,US
LCII,nyse,US
LDO.MI,ftsemib,EU
LDOS,nyse,US
LE,nasdaq,US
LEA,nyse,US
LECO,nasdaq,US
LEG,nyse,US
LEGH,nasdaq,US
LEGN,nasdaq,US
LEN,nyse,US
LENZ,nasdaq,US
LEO,nyse,US
LEU,nyse,US
LEVI,nyse,US
LFMDP,nasdaq,US
LFST,nasdaq,US
LFUS,nasdaq,US
LGEN.L,ftse100,EU
LGIH,nasdaq,US
LGN,nasdaq,US
LGND,nasdaq,US
LH,nyse,US
LHX,nyse,US
LI,nasdaq,US
LIF,nasdaq,US
LIFE,nasdaq,US
LII,nyse,US
LILA,nasdaq,US
LILAK,nasdaq,US
LIN,nasdaq,US
LINC,nasdaq,US
LIND,nasdaq,US
LINE,nasdaq,US
LIO.L,ftse250,EU
LION,nyse,US
LITE,nasdaq,US
LIVN,nasdaq,US
LKFN,nasdaq,US
LKQ,nasdaq,US
LLOY.L,ftse100,EU
LLY,nyse,US
LLYVA,nasdaq,US
LLYVK,nasdaq,US
LMAT,nasdaq,US
LMB,nasdaq,US
LMND,nyse,US
LMRI,nasdaq,US
LMT,nyse,US
LNC,nyse,US
LNG,nyse,US
LNKB,nasdaq,US
LNN,nyse,US
LNT,nasdaq,US
LNTH,nasdaq,US
LNZ.VI,atx,EU
LOAR,nyse,US
LOB,nyse,US
LOCO,nasdaq,US
LOG.MC,ibex35,EU
LOGI,nasdaq,US
LOMA,nyse,US
LONN.SW,smi,EU
LOPE,nasdaq,US
LPG,nyse,US
LPL,nyse,US
LPLA,nasdaq,US
LPP.WA,wig20,EU
LPTH,nasdaq,US
LPX,nyse,US
LQDA,nasdaq,US
LQDT,nasdaq,US
LR.PA,cac40,EU
LRCX,nasdaq,US
LRMR,nasdaq,US
LRN,nyse,US
LSCC,nasdaq,US
LSEG.L,ftse100,EU
LSPD,nyse,US
LSTR,nasdaq,US
LTBR,nasdaq,US
LTC,nyse,US
LTH,nyse,US
LTM,nyse,US
LUCK,nyse,US
LULU,nasdaq,US
LUMN,nyse,US
LUNR,nasdaq,US
LUV,nyse,US
LUXE,nyse,US
LVS,nyse,US
LWAY,nasdaq,US
LXEO,nasdaq,US
LXFR,amex,US
LXI.L,ftse250,EU
LXP,nyse,US
LXU,nyse,US
LYB,nyse,US
LYEL,nasdaq,US
LYFT,nasdaq,US
LYG,nyse,US
LYTS,nasdaq,US
LYV,nyse,US
LZ,nasdaq,US
LZB,nyse,US
M,nyse,US
MA,nyse,US
MAA,nyse,US
MAAS,nasdaq,US
MAC,nyse,US
MAERSK-B.CO,omxc25,EU
MAGN,nyse,US
MAIN,nyse,US
MAMA,nasdaq,US
MAN,nyse,US
MANE,nyse,US
MANH,nasdaq,US
MANU,nyse,US
MAP.MC,ibex35,EU
MAR,nasdaq,US
MARA,nasdaq,US
MAS,nyse,US
MASI,nasdaq,US
MAT,nasdaq,US
MATV,nyse,US
MATX,nyse,US
MAX,nyse,US
MAZE,nasdaq,US
MB.MI,ftsemib,EU
MBC,nyse,US
MBG.DE,dax,EU
MBI,nyse,US
MBIN,nasdaq,US
MBINL,nasdaq,US
MBINM,nasdaq,US
MBINN,nasdaq,US
MBK.WA,wig20,EU
MBLY,nasdaq,US
MBUU,nasdaq,US
MBWM,nasdaq,US
MBX,nasdaq,US
MC,nyse,US
MC.PA,cac40,EU
MCB,nyse,US
MCBS,nasdaq,US
MCD,nyse,US
MCFT,nasdaq,US
MCHB,nasdaq,US
MCHP,nasdaq,US
MCHPP,nasdaq,US
MCI,nyse,US
MCK,nyse,US
MCO,nyse,US
MCRI,nasdaq,US
MCS,nyse,US
MCY,nyse,US
MD,nyse,US
MDB,nasdaq,US
MDGL,nasdaq,US
MDLN,nasdaq,US
MDLZ,nasdaq,US
MDT,nyse,US
MDU,nyse,US
MEC,nyse,US
MEDP,nasdaq,US
MEG,nyse,US
MEI,nyse,US
MEL.MC,ibex35,EU
MELE.BR,bel20,EU
MELI,nasdaq,US
MEOH,nasdaq,US
MESO,nasdaq,US
MET,nyse,US
META,nasdaq,US
METC,nasdaq,US
METCB,nasdaq,US
METSB.HE,omxh25,EU
MFA,nyse,US
MFC,nyse,US
MFG,nyse,US
MFI,nasdaq,US
MFIC,nasdaq,US
MG,nyse,US
MGA,nyse,US
MGEE,nasdaq,US
MGM,nyse,US
MGNI,nasdaq,US
MGNS.L,ftse250,EU
MGPI,nasdaq,US
MGRC,nasdaq,US
MGTX,nasdaq,US
MGY,nyse,US
MH,nyse,US
MHD,nyse,US
MHK,nyse,US
MHO,nyse,US
MIAX,nyse,US
MICC,nyse,US
MIDD,nasdaq,US
MIR,nyse,US
MIRM,nasdaq,US
MITK,nasdaq,US
MIY,nyse,US
MKC,nyse,US
MKL,nyse,US
MKS.L,ftse100,EU
MKSI,nasdaq,US
MKTX,nasdaq,US
ML.PA,cac40,EU
MLAB,nasdaq,US
MLCO,nasdaq,US
MLI,nyse,US
MLKN,nasdaq,US
MLM,nyse,US
MLP,nyse,US
MLR,nyse,US
MLTX,nasdaq,US
MLYS,nasdaq,US
MMI,nyse,US
MMM,nyse,US
MMS,nyse,US
MMSI,nasdaq,US
MMYT,nasdaq,US
MNDI.L,ftse100,EU
MNDY,nasdaq,US
MNG.L,ftse100,EU
MNKS.L,ftse250,EU
MNPR,nasdaq,US
MNRO,nasdaq,US
MNSO,nyse,US
MNST,nasdaq,US
MNTN,nyse,US
MNZS.L,ftse250,EU
MO,nyse,US
MOD,nyse,US
MOH,nyse,US
MOMO,nasdaq,US
MONC.MI,ftsemib,EU
MONY.L,ftse250,EU
MORN,nasdaq,US
MOS,nyse,US
MOV,nyse,US
MOWI.OL,obx,EU
MP,nyse,US
MPB,nasdaq,US
MPC,nyse,US
MPLT,nasdaq,US
MPT,nyse,US
MPWR,nasdaq,US
MQY,nyse,US
MRCY,nasdaq,US
MRK,nyse,US
MRK.DE,dax,EU
MRL.MC,ibex35,EU
MRNA,nasdaq,US
MRO.L,ftse100,EU
MRP,nyse,US
MRSH,nyse,US
MRTN,nasdaq,US
MRVL,nasdaq,US
MRX,nasdaq,US
MS,nyse,US
MSA,nyse,US
MSB,nyse,US
MSBI,nasdaq,US
MSBIP,nasdaq,US
MSCI,nyse,US
MSEX,nasdaq,US
MSFT,nasdaq,US
MSGE,nyse,US
MSGS,nyse,US
MSI,nyse,US
MSIF,nyse,US
MSM,nyse,US
MSTR,nasdaq,US
MT,nyse,US
MT.AS,cac40,EU
MTA,amex,US
MTB,nyse,US
MTCH,nasdaq,US
MTD,nyse,US
MTDR,nyse,US
MTG,nyse,US
MTH,nyse,US
MTLS,nasdaq,US
MTN,nyse,US
MTO.L,ftse250,EU
MTRN,nyse,US
MTRX,nasdaq,US
MTS.MC,ibex35,EU
MTSI,nasdaq,US
MTUS,nyse,US
MTX,nyse,US
MTX.DE,dax,EU
MTZ,nyse,US
MU,nasdaq,US
MUA,nyse,US
MUC,nyse,US
MUFG,nyse,US
MUJ,nyse,US
MUR,nyse,US
MUSA,nyse,US
MUT.L,ftse250,EU
MUV2.DE,dax,EU
MUX,nyse,US
MVBF,nasdaq,US
MWA,nyse,US
MWH,nasdaq,US
MXL,nasdaq,US
MYE,nyse,US
MYI,nyse,US
MYRG,nasdaq,US
MZTI,nasdaq,US
NAGE,nasdaq,US
NAMS,nasdaq,US
NAN,nyse,US
NAT,nyse,US
NATH,nasdaq,US
NATL,nyse,US
NATR,nasdaq,US
NAVI,nasdaq,US
NAVN,nasdaq,US
NB,nasdaq,US
NBBK,nasdaq,US
NBHC,nyse,US
NBIS,nasdaq,US
NBIX,nasdaq,US
NBN,nasdaq,US
NBR,nyse,US
NBTB,nasdaq,US
NBTX,nasdaq,US
NC,nyse,US
NCC.L,ftse250,EU
NCDL,nyse,US
NCLH,nyse,US
NCNO,nasdaq,US
NCV,nyse,US
NCZ,nyse,US
NDA-SE.ST,omxs30,EU
NDAQ,nasdaq,US
NDMO,nyse,US
NDSN,nasdaq,US
NE,nyse,US
NECB,nasdaq,US
NEE,nyse,US
NEGG,nasdaq,US
NEM,nyse,US
NEO,nasdaq,US
NEOG,nasdaq,US
NESN.SW,smi,EU
NESR,nasdaq,US
NESTE.HE,omxh25,EU
NET,nyse,US
NETC.CO,omxc25,EU
NEU,nyse,US
NEWP,amex,US
NEWT,nasdaq,US
NEWTP,nasdaq,US
NEXA,nyse,US
NEXI.MI,ftsemib,EU
NEXN,nasdaq,US
NEXT,nasdaq,US
NFBK,nasdaq,US
NFG,nyse,US
NFLX,nasdaq,US
NG,amex,US
NG.L,ftse100,EU
NGD,amex,US
NGG,nyse,US
NGS,nyse,US
NGVC,nyse,US
NGVT,nyse,US
NHC,amex,US
NHI,nyse,US
NHPAP,nasdaq,US
NHPBP,nasdaq,US
NHY.OL,obx,EU
NI,nyse,US
NIBE-B.ST,omxs30,EU
NIC,nyse,US
NICE,nasdaq,US
NIE,nyse,US
NIO,nyse,US
NIQ,nyse,US
NJR,nyse,US
NKE,nyse,US
NKTR,nasdaq,US
NL,nyse,US
NLY,nyse,US
NMAX,nyse,US
NMCO,nyse,US
NMFC,nasdaq,US
NMIH,nasdaq,US
NMR,nyse,US
NMRK,nasdaq,US
NN,nasdaq,US
NN.AS,aex,EU
NNE,nasdaq,US
NNI,nyse,US
NNN,nyse,US
NNNN,nasdaq,US
NOA,nyse,US
NOAH,nyse,US
NOC,nyse,US
NOG,nyse,US
NOK,nyse,US
NOKIA.HE,omxh25,EU
NOMD,nyse,US
NORDEA.HE,omxh25,EU
NOV,nyse,US
NOVN.SW,smi,EU
NOVO-B.CO,omxc25,EU
NOVT,nasdaq,US
NP,nyse,US
NPB,nyse,US
NPCE,nasdaq,US
NPK,nyse,US
NPKI,nyse,US
NPO,nyse,US
NRDS,nasdaq,US
NRG,nyse,US
NRIM,nasdaq,US
NRIX,nasdaq,US
NRP,nyse,US
NRR.L,ftse250,EU
NSA,nyse,US
NSC,nyse,US
NSIT,nasdaq,US
NSP,nyse,US
NSSC,nasdaq,US
NTAP,nasdaq,US
NTB,nyse,US
NTCT,nasdaq,US
NTES,nasdaq,US
NTGR,nasdaq,US
NTGY.MC,ibex35,EU
NTLA,nasdaq,US
NTNX,nasdaq,US
NTR,nyse,US
NTRA,nasdaq,US
NTRS,nasdaq,US
NTRSO,nasdaq,US
NTSK,nasdaq,US
NTST,nyse,US
NU,nyse,US
NUE,nyse,US
NUS,nyse,US
NUTX,nasdaq,US
NUVB,nyse,US
NUVL,nasdaq,US
NVAX,nasdaq,US
NVCR,nasdaq,US
NVDA,nasdaq,US
NVEC,nasdaq,US
NVGS,nyse,US
NVMI,nasdaq,US
NVO,nyse,US
NVR,nyse,US
NVRI,nyse,US
NVS,nyse,US
NVST,nyse,US
NVT,nyse,US
NVTS,nasdaq,US
NWBI,nasdaq,US
NWE,nasdaq,US
NWG,nyse,US
NWG.L,ftse100,EU
NWN,nyse,US
NWPX,nasdaq,US
NWSA,nasdaq,US
NX,nyse,US
NXE,nyse,US
NXP,nyse,US
NXPI,nasdaq,US
NXRT,nyse,US
NXST,nasdaq,US
NXT,nasdaq,US
NXT.L,ftse100,EU
NYAX,nasdaq,US
NYT,nyse,US
NZYM-B.CO,omxc25,EU
O,nyse,US
OBDC,nyse,US
OBE,amex,US
OBK,nyse,US
OBT,nasdaq,US
OC,nyse,US
OCFC,nasdaq,US
OCS,nasdaq,US
OCSL,nasdaq,US
OCUL,nasdaq,US
ODC,nyse,US
ODD,nasdaq,US
ODFL,nasdaq,US
OEC,nyse,US
OFG,nyse,US
OFIX,nasdaq,US
OFLX,nasdaq,US
OFRM,nyse,US
OGE,nyse,US
OGN,nyse,US
OGS,nyse,US
OHI,nyse,US
OI,nyse,US
OIA,nyse,US
OII,nyse,US
OIS,nyse,US
OKE,nyse,US
OKLO,nyse,US
OKTA,nasdaq,US
OLED,nasdaq,US
OLLI,nasdaq,US
OLMA,nasdaq,US
OLN,nyse,US
OLP,nyse,US
OMAB,nasdaq,US
OMC,nyse,US
OMCL,nasdaq,US
OMDA,nasdaq,US
OMER,nasdaq,US
OMF,nyse,US
OMV.VI,atx,EU
ON,nasdaq,US
ONB,nasdaq,US
ONBPO,nasdaq,US
ONBPP,nasdaq,US
ONC,nasdaq,US
ONDS,nasdaq,US
ONIT,nyse,US
ONON,nyse,US
ONTF,nyse,US
ONTO,nyse,US
OOMA,nyse,US
OPCH,nasdaq,US
OPEN,nasdaq,US
OPFI,nyse,US
OPL.WA,wig20,EU
OPLN,nyse,US
OPRA,nasdaq,US
OPY,nyse,US
OR,nyse,US
OR.PA,cac40,EU
ORA,nyse,US
ORA.PA,cac40,EU
ORC,nyse,US
ORCL,nyse,US
ORI,nyse,US
ORIC,nasdaq,US
ORK.OL,obx,EU
ORKA,nasdaq,US
ORLA,amex,US
ORLY,nasdaq,US
ORN,nyse,US
ORNBV.HE,omxh25,EU
ORRF,nasdaq,US
ORSTED.CO,omxc25,EU
OS,nasdaq,US
OSB.L,ftse250,EU
OSBC,nasdaq,US
OSCR,nyse,US
OSIS,nasdaq,US
OSK,nyse,US
OSPN,nasdaq,US
OTEX,nasdaq,US
OTF,nyse,US
OTIS,nyse,US
OTLY,nasdaq,US
OTTR,nasdaq,US
OUST,nasdaq,US
OUT,nyse,US
OUT1V.HE,omxh25,EU
OVV,nyse,US
OWL,nyse,US
OWLS,nasdaq,US
OWLT,nyse,US
OXIG.L,ftse250,EU
OXLC,nasdaq,US
OXLCN,nasdaq,US
OXLCO,nasdaq,US
OXLCP,nasdaq,US
OXM,nyse,US
OXY,nyse,US
OZK,nasdaq,US
OZKAP,nasdaq,US
PAAS,nyse,US
PAC,nyse,US
PACK,nyse,US
PACS,nyse,US
PAG,nyse,US
PAGE.L,ftse250,EU
PAGS,nyse,US
PAH3.DE,dax,EU
PAHC,nasdaq,US
PAM,nyse,US
PANL,nasdaq,US
PAR,nyse,US
PARR,nyse,US
PATH,nyse,US
PATK,nasdaq,US
PAX,nasdaq,US
PAX.L,ftse250,EU
PAY,nyse,US
PAYC,nyse,US
PAYX,nasdaq,US
PB,nyse,US
PBA,nyse,US
PBF,nyse,US
PBFS,nasdaq,US
PBH,nyse,US
PBI,nyse,US
PBR,nyse,US
PBT,nyse,US
PBYI,nasdaq,US
PCAR,nasdaq,US
PCB,nasdaq,US
PCG,nyse,US
PCOR,nyse,US
PCRX,nasdaq,US
PCT,nasdaq,US
PCTY,nasdaq,US
PCVX,nasdaq,US
PD,nyse,US
PDD,nasdaq,US
PDFS,nasdaq,US
PDI,nyse,US
PDLB,nasdaq,US
PDM,nyse,US
PDO,nyse,US
PDS,nyse,US
PDX,nyse,US
PDYN,nasdaq,US
PEB,nyse,US
PEBO,nasdaq,US
PECO,nasdaq,US
PEG,nyse,US
PEGA,nasdaq,US
PEN,nyse,US
PENG,nasdaq,US
PENN,nasdaq,US
PEO.WA,wig20,EU
PEP,nasdaq,US
PEPG,nasdaq,US
PERI,nasdaq,US
PFBC,nasdaq,US
PFE,nyse,US
PFG,nasdaq,US
PFG.L,ftse250,EU
PFGC,nyse,US
PFIS,nasdaq,US
PFLT,nyse,US
PFS,nyse,US
PFSI,nyse,US
PG,nyse,US
PGC,nasdaq,US
PGE.WA,wig20,EU
PGHN.SW,smi,EU
PGNY,nasdaq,US
PGR,nyse,US
PGY,nasdaq,US
PH,nyse,US
PHAR,nasdaq,US
PHAT,nasdaq,US
PHG,nyse,US
PHI,nyse,US
PHIA.AS,aex,EU
PHIN,nyse,US
PHM,nyse,US
PHNX.L,ftse100,EU
PHOE,nasdaq,US
PHR,nyse,US
PHVS,nasdaq,US
PI,nasdaq,US
PICS,nasdaq,US
PII,nyse,US
PIN.L,ftse250,EU
PINS,nyse,US
PIPR,nyse,US
PIRC.MI,ftsemib,EU
PJT,nyse,US
PK,nyse,US
PKBK,nasdaq,US
PKE,nyse,US
PKG,nyse,US
PKN.WA,wig20,EU
PKO.WA,wig20,EU
PKOH,nasdaq,US
PKST,nyse,US
PKX,nyse,US
PL,nyse,US
PLAB,nasdaq,US
PLAY,nasdaq,US
PLBC,nasdaq,US
PLBL,nasdaq,US
PLD,nyse,US
PLMR,nasdaq,US
PLNT,nyse,US
PLPC,nasdaq,US
PLSE,nasdaq,US
PLTR,nasdaq,US
PLUS,nasdaq,US
PLXS,nasdaq,US
PM,nyse,US
PMM,nyse,US
PMO,nyse,US
PMT,nyse,US
PNC,nyse,US
PNDORA.CO,omxc25,EU
PNFP,nyse,US
PNL.L,ftse250,EU
PNN.L,ftse250,EU
PNNT,nyse,US
PNR,nyse,US
PNTG,nasdaq,US
PODD,nasdaq,US
POET,nasdaq,US
POLY.L,ftse250,EU
PONY,nasdaq,US
POOL,nasdaq,US
POR,nyse,US
POST,nyse,US
POST.VI,atx,EU
POWI,nasdaq,US
POWL,nasdaq,US
POWWP,nasdaq,US
PPC,nasdaq,US
PPG,nyse,US
PPH.L,ftse250,EU
PPHC,nasdaq,US
PPL,nyse,US
PPTA,nasdaq,US
PR,nyse,US
PRA,nyse,US
PRAA,nasdaq,US
PRAX,nasdaq,US
PRCH,nasdaq,US
PRCT,nasdaq,US
PRDO,nasdaq,US
PRG,nyse,US
PRGO,nyse,US
PRGS,nasdaq,US
PRI,nyse,US
PRIM,nyse,US
PRK,amex,US
PRKS,nyse,US
PRLB,nyse,US
PRM,nyse,US
PRMB,nyse,US
PROX.BR,bel20,EU
PRSU,nyse,US
PRTA,nasdaq,US
PRTC,nasdaq,US
PRTH,nasdaq,US
PRU,nyse,US
PRU.L,ftse100,EU
PRVA,nasdaq,US
PRX.AS,aex,EU
PRY.MI,ftsemib,EU
PSA,nyse,US
PSF,nyse,US
PSFE,nyse,US
PSH.L,ftse100,EU
PSIX,nasdaq,US
PSKY,nasdaq,US
PSMT,nasdaq,US
PSN,nyse,US
PSN.L,ftse100,EU
PSNL,nasdaq,US
PSNY,nasdaq,US
PSO,nyse,US
PSON.L,ftse100,EU
PST.MI,ftsemib,EU
PSTG,nyse,US
PSTL,nyse,US
PSX,nyse,US
PTA,nyse,US
PTC,nasdaq,US
PTCT,nasdaq,US
PTEN,nasdaq,US
PTGX,nasdaq,US
PTLO,nasdaq,US
PTRN,nasdaq,US
PUB.PA,cac40,EU
PUBM,nasdaq,US
PUK,nyse,US
PUMP,nyse,US
PVH,nyse,US
PVLA,nasdaq,US
PWP,nasdaq,US
PWR,nyse,US
PXED,nyse,US
PYPL,nasdaq,US
PZU.WA,wig20,EU
PZZA,nasdaq,US
Q,nyse,US
QBTS,nyse,US
QCOM,nasdaq,US
QCRH,nasdaq,US
QDEL,nasdaq,US
QFIN,nasdaq,US
QGEN,nyse,US
QLYS,nasdaq,US
QNST,nasdaq,US
QQ.L,ftse250,EU
QRVO,nasdaq,US
QS,nasdaq,US
QSR,nyse,US
QTWO,nyse,US
QUAD,nyse,US
QUBT,nasdaq,US
QURE,nasdaq,US
QXO,nyse,US
R,nyse,US
RACE,nyse,US
RACE.MI,ftsemib,EU
RAL,nyse,US
RAMP,nyse,US
RAND.AS,aex,EU
RAPP,nasdaq,US
RAPT,nasdaq,US
RARE,nasdaq,US
RAT.L,ftse250,EU
RBA,nyse,US
RBB,nasdaq,US
RBC,nyse,US
RBCAA,nasdaq,US
RBI.VI,atx,EU
RBLX,nyse,US
RBREW.CO,omxc25,EU
RBRK,nyse,US
RCAT,nasdaq,US
RCI,nyse,US
RCKY,nasdaq,US
RCL,nyse,US
RCUS,nyse,US
RDDT,nyse,US
RDN,nyse,US
RDNT,nasdaq,US
RDVT,nasdaq,US
RDW.L,ftse250,EU
RDWR,nasdaq,US
RDY,nyse,US
REAL,nasdaq,US
REC.MI,ftsemib,EU
RED.MC,ibex35,EU
REG,nasdaq,US
REGCO,nasdaq,US
REGCP,nasdaq,US
REGN,nasdaq,US
REL.L,ftse100,EU
RELX,nyse,US
RELY,nasdaq,US
REN.AS,aex,EU
REP.MC,ibex35,EU
REPL,nasdaq,US
REPX,amex,US
RERE,nyse,US
RES,nyse,US
REX,nyse,US
REXR,nyse,US
REYN,nasdaq,US
REZI,nyse,US
RF,nyse,US
RFI,nyse,US
RFMZ,nyse,US
RGA,nyse,US
RGC,nasdaq,US
RGEN,nasdaq,US
RGLD,nasdaq,US
RGNX,nasdaq,US
RGR,nyse,US
RGTI,nasdaq,US
RH,nyse,US
RHI,nyse,US
RHIM.L,ftse250,EU
RHLD,nyse,US
RHM.DE,dax,EU
RHP,nyse,US
RI.PA,cac40,EU
RIG,nyse,US
RIGL,nasdaq,US
RILYL,nasdaq,US
RILYP,nasdaq,US
RIO,nyse,US
RIO.L,ftse100,EU
RIOT,nasdaq,US
RITM,nyse,US
RIVN,nasdaq,US
RJET,nasdaq,US
RJF,nyse,US
RKLB,nasdaq,US
RKT,nyse,US
RKT.L,ftse100,EU
RL,nyse,US
RLAY,nasdaq,US
RLGT,amex,US
RLI,nyse,US
RLJ,nyse,US
RM,nyse,US
RMBS,nasdaq,US
RMD,nyse,US
RMR,nasdaq,US
RMS.PA,cac40,EU
RMT,nyse,US
RMV.L,ftse100,EU
RNG,nyse,US
RNGR,nyse,US
RNK.L,ftse250,EU
RNO.PA,cac40,EU
RNP,nyse,US
RNR,nyse,US
RNST,nyse,US
ROAD,nasdaq,US
ROCK,nasdaq,US
ROCK-B.CO,omxc25,EU
ROG,nyse,US
ROG.SW,smi,EU
ROIV,nasdaq,US
ROK,nyse,US
ROKU,nasdaq,US
ROL,nyse,US
ROOT,nasdaq,US
ROP,nasdaq,US
ROR.L,ftse250,EU
ROST,nasdaq,US
ROVI.MC,ibex35,EU
RPC,nyse,US
RPD,nasdaq,US
RPM,nyse,US
RPRX,nasdaq,US
RQI,nyse,US
RR.L,ftse100,EU
RRBI,nasdaq,US
RRC,nyse,US
RRR,nasdaq,US
RRX,nyse,US
RS,nyse,US
RSG,nyse,US
RSI,nyse,US
RSVR,nasdaq,US
RTO,nyse,US
RTO.L,ftse100,EU
RTX,nyse,US
RUM,nasdaq,US
RUN,nasdaq,US
RUSHA,nasdaq,US
RUSHB,nasdaq,US
RVLV,nyse,US
RVMD,nasdaq,US
RVT,nyse,US
RVTY,nyse,US
RWE.DE,dax,EU
RWS.L,ftse250,EU
RWT,nyse,US
RXO,nyse,US
RXST,nasdaq,US
RY,nyse,US
RYAAY,nasdaq,US
RYAM,nyse,US
RYAN,nyse,US
RYN,nyse,US
RYTM,nasdaq,US
RYZ,nyse,US
RZB,nyse,US
RZC,nyse,US
S,nyse,US
SA,nyse,US
SAB.MC,ibex35,EU
SAE.L,ftse100,EU
SAF.PA,cac40,EU
SAFE,nyse,US
SAFE.L,ftse250,EU
SAFT,nasdaq,US
SAH,nyse,US
SAIA,nasdaq,US
SAIC,nasdaq,US
SAIL,nasdaq,US
SALM.OL,obx,EU
SAM,nyse,US
SAMPO.HE,omxh25,EU
SAN,nyse,US
SAN.MC,ibex35,EU
SAN.PA,cac40,EU
SAND.ST,omxs30,EU
SANM,nasdaq,US
SAP,nyse,US
SAP.DE,dax,EU
SAR,nyse,US
SARO,nyse,US
SATA,nasdaq,US
SATS,nasdaq,US
SB,nyse,US
SBAC,nasdaq,US
SBB-B.ST,omxs30,EU
SBCF,nasdaq,US
SBET,nasdaq,US
SBGI,nasdaq,US
SBH,nyse,US
SBLK,nasdaq,US
SBO.VI,atx,EU
SBR,nyse,US
SBRA,nasdaq,US
SBRY.L,ftse100,EU
SBS,nyse,US
SBSI,nyse,US
SBUX,nasdaq,US
SCA-B.ST,omxs30,EU
SCATC.OL,obx,EU
SCCO,nyse,US
SCHL,nasdaq,US
SCHR.L,ftse250,EU
SCI,nyse,US
SCL,nyse,US
SCM,nyse,US
SCMN.SW,smi,EU
SCSC,nasdaq,US
SCVL,nasdaq,US
SCYR.MC,ibex35,EU
SCZM,nasdaq,US
SD,nyse,US
SDGR,nasdaq,US
SDHC,nyse,US
SDHY,nyse,US
SDR.L,ftse100,EU
SDRL,nyse,US
SDRY.L,ftse250,EU
SE,nyse,US
SEB,amex,US
SEB-A.ST,omxs30,EU
SEDG,nasdaq,US
SEE,nyse,US
SEI,nyse,US
SEIC,nasdaq,US
SEM,nyse,US
SEMR,nyse,US
SENEA,nasdaq,US
SENEB,nasdaq,US
SENS,nasdaq,US
SEPN,nasdaq,US
SERV,nasdaq,US
SEZL,nasdaq,US
SF,nyse,US
SFBS,nyse,US
SFD,nasdaq,US
SFL,nyse,US
SFM,nasdaq,US
SFNC,nasdaq,US
SFST,nasdaq,US
SG,nyse,US
SGE.L,ftse100,EU
SGHC,nyse,US
SGI,nyse,US
SGML,nasdaq,US
SGO.PA,cac40,EU
SGP,nasdaq,US
SGRO.L,ftse100,EU
SGRY,nasdaq,US
SGSN.SW,smi,EU
SGU,nyse,US
SHAK,nyse,US
SHAZ,nasdaq,US
SHB-A.ST,omxs30,EU
SHBI,nasdaq,US
SHC,nasdaq,US
SHED.L,ftse250,EU
SHEL,nyse,US
SHEL.L,ftse100,EU
SHELL.AS,aex,EU
SHEN,nasdaq,US
SHG,nyse,US
SHL.DE,dax,EU
SHLS,nasdaq,US
SHMD,nasdaq,US
SHO,nyse,US
SHOO,nasdaq,US
SHOP,nasdaq,US
SIBN,nasdaq,US
SIE.DE,dax,EU
SIFY,nasdaq,US
SIG,nyse,US
SIGA,nasdaq,US
SIGI,nasdaq,US
SIGIP,nasdaq,US
SII,nyse,US
SIKA.SW,smi,EU
SILA,nyse,US
SIM,amex,US
SIMO,nasdaq,US
SION,nasdaq,US
SIRI,nasdaq,US
SITC,nyse,US
SITE,nyse,US
SITM,nasdaq,US
SJM,nyse,US
SK.PA,cac40,EU
SKA-B.ST,omxs30,EU
SKE,nyse,US
SKF-B.ST,omxs30,EU
SKG.L,ftse100,EU
SKM,nyse,US
SKT,nyse,US
SKWD,nasdaq,US
SKY,nyse,US
SKYH,nyse,US
SKYT,nasdaq,US
SLAB,nasdaq,US
SLB,nyse,US
SLDB,nasdaq,US
SLDE,nasdaq,US
SLF,nyse,US
SLG,nyse,US
SLGN,nyse,US
SLHN.SW,smi,EU
SLM,nasdaq,US
SLMBP,nasdaq,US
SLNHP,nasdaq,US
SLNO,nasdaq,US
SLR.MC,ibex35,EU
SLRC,nasdaq,US
SLSR,amex,US
SLVM,nyse,US
SM,nyse,US
SMA,nyse,US
SMBC,nasdaq,US
SMBK,nyse,US
SMC,nyse,US
SMCI,nasdaq,US
SMDS.L,ftse100,EU
SMFG,nyse,US
SMG,nyse,US
SMIN.L,ftse100,EU
SMMT,nasdaq,US
SMP,nyse,US
SMPL,nasdaq,US
SMR,nyse,US
SMT.L,ftse100,EU
SMTC,nasdaq,US
SN,nyse,US
SN.L,ftse100,EU
SNA,nyse,US
SNAP,nyse,US
SNCY,nasdaq,US
SNDA,nyse,US
SNDK,nasdaq,US
SNDR,nyse,US
SNDR.L,ftse250,EU
SNDX,nasdaq,US
SNEX,nasdaq,US
SNN,nyse,US
SNPS,nasdaq,US
SNX,nyse,US
SNY,nasdaq,US
SO,nyse,US
SOBO,nyse,US
SOC,nyse,US
SOF.BR,bel20,EU
SOFI,nasdaq,US
SOHOB,nasdaq,US
SOHON,nasdaq,US
SOHOO,nasdaq,US
SOHU,nasdaq,US
SOL.MC,ibex35,EU
SOLB.BR,bel20,EU
SOLS,nasdaq,US
SOLV,nyse,US
SON,nyse,US
SONO,nasdaq,US
SONY,nyse,US
SOP.PA,cac40,EU
SOR,nyse,US
SOUN,nasdaq,US
SPB,nyse,US
SPFI,nasdaq,US
SPG,nyse,US
SPGI,nyse,US
SPH,nyse,US
SPHR,nyse,US
SPIR,nyse,US
SPL.WA,wig20,EU
SPM.MI,ftsemib,EU
SPNT,nyse,US
SPOT,nyse,US
SPRY,nasdaq,US
SPSC,nasdaq,US
SPT,nasdaq,US
SPT.L,ftse250,EU
SPX.L,ftse100,EU
SPXC,nyse,US
SQM,nyse,US
SR,nyse,US
SRAD,nasdaq,US
SRCE,nasdaq,US
SRE,nyse,US
SREN.SW,smi,EU
SRG.MI,ftsemib,EU
SRPT,nasdaq,US
SRRK,nasdaq,US
SRT3.DE,dax,EU
SSAB-A.ST,omxs30,EU
SSB,nyse,US
SSD,nyse,US
SSE.L,ftse100,EU
SSL,nyse,US
SSNC,nasdaq,US
SSON.L,ftse250,EU
SSRM,nasdaq,US
SSTK,nyse,US
SSYS,nasdaq,US
ST,nyse,US
STAA,nasdaq,US
STAG,nyse,US
STAN.L,ftse100,EU
STB.OL,obx,EU
STBA,nasdaq,US
STC,nyse,US
STE,nyse,US
STEL,nyse,US
STEP,nasdaq,US
STERV.HE,omxh25,EU
STKL,nasdaq,US
STLA,nyse,US
STLAP.PA,cac40,EU
STLD,nasdaq,US
STM,nyse,US
STM.MI,ftsemib,EU
STM.PA,cac40,EU
STN,nyse,US
STNE,nasdaq,US
STNG,nyse,US
STOK,nasdaq,US
STRA,nasdaq,US
STRC,nasdaq,US
STRD,nasdaq,US
STRF,nasdaq,US
STRK,nasdaq,US
STRL,nasdaq,US
STRO,nasdaq,US
STRT,nasdaq,US
STS.L,ftse250,EU
STT,nyse,US
STUB,nyse,US
STVN,nyse,US
STWD,nyse,US
STX,nasdaq,US
STZ,nyse,US
SU,nyse,US
SU.PA,cac40,EU
SUBC.OL,obx,EU
SUI,nyse,US
SUPN,nasdaq,US
SUPV,nyse,US
SUPX,nasdaq,US
SUZ,nyse,US
SVM,amex,US
SVRA,nasdaq,US
SVS.L,ftse250,EU
SVT.L,ftse100,EU
SVV,nyse,US
SWBI,nasdaq,US
SWED-A.ST,omxs30,EU
SWIM,nasdaq,US
SWK,nyse,US
SWKS,nasdaq,US
SWX,nyse,US
SXC,nyse,US
SXI,nyse,US
SXS.L,ftse250,EU
SXT,nyse,US
SY1.DE,dax,EU
SYBT,nasdaq,US
SYDB.CO,omxc25,EU
SYF,nyse,US
SYK,nyse,US
SYM,nasdaq,US
SYNA,nasdaq,US
SYNT.L,ftse250,EU
SYRE,nasdaq,US
SYY,nyse,US
T,nyse,US
TAC,nyse,US
TACO,nasdaq,US
TAK,nyse,US
TAL,nyse,US
TALO,nyse,US
TAP,nyse,US
TARS,nasdaq,US
TASK,nasdaq,US
TATE.L,ftse250,EU
TATT,nasdaq,US
TBBB,nyse,US
TBBK,nasdaq,US
TBLD,nasdaq,US
TBN,nyse,US
TBPH,nasdaq,US
TBRG,nasdaq,US
TCAP.L,ftse250,EU
TCBI,nasdaq,US
TCBIO,nasdaq,US
TCBK,nasdaq,US
TCBX,nyse,US
TCI,nyse,US
TCMD,nasdaq,US
TCOM,nasdaq,US
TD,nyse,US
TDAY,nyse,US
TDC,nyse,US
TDG,nyse,US
TDOC,nyse,US
TDS,nyse,US
TDY,nyse,US
TE,nyse,US
TEAM,nasdaq,US
TECH,nasdaq,US
TECK,nyse,US
TECX,nasdaq,US
TEF.MC,ibex35,EU
TEL,nyse,US
TEL.OL,obx,EU
TELIA.ST,omxs30,EU
TEM,nasdaq,US
TEN,nyse,US
TEN.MI,ftsemib,EU
TENB,nasdaq,US
TEO,nyse,US
TEP.PA,cac40,EU
TER,nasdaq,US
TERN,nasdaq,US
TEVA,nyse,US
TEX,nyse,US
TFC,nyse,US
TFII,nyse,US
TFIN,nyse,US
TFPM,nyse,US
TFSL,nasdaq,US
TFX,nyse,US
TG,nyse,US
TGB,amex,US
TGLS,nyse,US
TGNA,nyse,US
TGS,nyse,US
TGT,nyse,US
TGTX,nasdaq,US
TH,nasdaq,US
THC,nyse,US
THFF,nasdaq,US
THG,nyse,US
THO,nyse,US
THR,nyse,US
THRM,nasdaq,US
TIC,nyse,US
TIETO.HE,omxh25,EU
TIFS.L,ftse250,EU
TIGO,nasdaq,US
TIGR,nasdaq,US
TILE,nasdaq,US
TIMB,nyse,US
TIPT,nasdaq,US
TIT.MI,ftsemib,EU
TITN,nasdaq,US
TJX,nyse,US
TK,nyse,US
TKA.DE,dax,EU
TKA.VI,atx,EU
TKC,nyse,US
TKO,nyse,US
TKR,nyse,US
TLK,nyse,US
TLN,nasdaq,US
TLRY,nasdaq,US
TLS1V.HE,omxh25,EU
TLX,nasdaq,US
TM,nyse,US
TMC,nasdaq,US
TMDX,nasdaq,US
TME,nyse,US
TMHC,nyse,US
TMO,nyse,US
TMP,amex,US
TMUS,nasdaq,US
TNC,nyse,US
TNDM,nasdaq,US
TNET,nyse,US
TNGX,nasdaq,US
TNK,nyse,US
TNL,nyse,US
TOL,nyse,US
TOM.OL,obx,EU
TOP.CO,omxc25,EU
TOST,nyse,US
TOWN,nasdaq,US
TOYO,nasdaq,US
TPB,nyse,US
TPC,nyse,US
TPFG.L,ftse250,EU
TPG,nasdaq,US
TPH,nyse,US
TPL,nyse,US
TPR,nyse,US
TR,nyse,US
TRB.L,ftse250,EU
TRC,nyse,US
TRDA,nasdaq,US
TREE,nasdaq,US
TREX,nyse,US
TRGP,nyse,US
TRI,nasdaq,US
TRIN,nasdaq,US
TRIP,nasdaq,US
TRMB,nasdaq,US
TRMD,nasdaq,US
TRMK,nasdaq,US
TRN,nyse,US
TRN.MI,ftsemib,EU
TRNO,nyse,US
TRNS,nasdaq,US
TROX,nyse,US
TRP,nyse,US
TRS,nasdaq,US
TRST,nasdaq,US
TRST.L,ftse250,EU
TRTX,nyse,US
TRU,nyse,US
TRUP,nasdaq,US
TRV,nyse,US
TRVI,nasdaq,US
TRYG.CO,omxc25,EU
TS,nyse,US
TSAT,nasdaq,US
TSBK,nasdaq,US
TSCO,nasdaq,US
TSCO.L,ftse100,EU
TSEM,nasdaq,US
TSLA,nasdaq,US
TSLX,nyse,US
TSM,nyse,US
TSN,nyse,US
TT,nyse,US
TTAM,nyse,US
TTAN,nasdaq,US
TTC,nyse,US
TTD,nasdaq,US
TTE,nyse,US
TTE.PA,cac40,EU
TTEK,nasdaq,US
TTI,nyse,US
TTMI,nasdaq,US
TTWO,nasdaq,US
TU,nyse,US
TUI1.L,ftse250,EU
TVTX,nasdaq,US
TW.L,ftse100,EU
TWFG,nasdaq,US
TWI,nyse,US
TWLO,nyse,US
TWO,nyse,US
TWST,nasdaq,US
TX,nyse,US
TXG,nasdaq,US
TXN,nasdaq,US
TXNM,nyse,US
TXRH,nasdaq,US
TXT,nyse,US
TY,nyse,US
TYG,nyse,US
TYL,nyse,US
TYRA,nasdaq,US
U,nyse,US
UA,nyse,US
UAA,nyse,US
UAL,nasdaq,US
UAMY,amex,US
UBER,nyse,US
UBS,nyse,US
UBSG.SW,smi,EU
UBSI,nasdaq,US
UCB,nyse,US
UCB.BR,bel20,EU
UCG.MI,ftsemib,EU
UCTT,nasdaq,US
UDG.L,ftse250,EU
UDMY,nasdaq,US
UDR,nyse,US
UE,nyse,US
UEC,amex,US
UFCS,nasdaq,US
UFPI,nasdaq,US
UFPT,nasdaq,US
UGI,nyse,US
UGP,nyse,US
UHAL,nyse,US
UHS,nyse,US
UHT,nyse,US
UI,nyse,US
UKCM.L,ftse250,EU
UL,nyse,US
ULH,nasdaq,US
ULS,nyse,US
ULTA,nasdaq,US
ULVR.L,ftse100,EU
UMAC,amex,US
UMBF,nasdaq,US
UMBFO,nasdaq,US
UMC,nyse,US
UMG.AS,aex,EU
UMH,nyse,US
UMI.BR,bel20,EU
UNA.AS,aex,EU
UNF,nyse,US
UNFI,nyse,US
UNH,nyse,US
UNI.MC,ibex35,EU
UNI.MI,ftsemib,EU
UNIT,nasdaq,US
UNM,nyse,US
UNP,nyse,US
UNTY,nasdaq,US
UPB,nasdaq,US
UPBD,nasdaq,US
UPM.HE,omxh25,EU
UPS,nyse,US
UPST,nasdaq,US
UPWK,nasdaq,US
UQA.VI,atx,EU
URBN,nasdaq,US
URGN,nasdaq,US
URI,nyse,US
URW.AS,aex,EU
URW.PA,cac40,EU
USAR,nasdaq,US
USAS,amex,US
USAU,nasdaq,US
USB,nyse,US
USCB,nasdaq,US
USFD,nyse,US
USLM,nasdaq,US
USNA,nyse,US
USPH,nyse,US
UTG.L,ftse100,EU
UTHR,nasdaq,US
UTI,nyse,US
UTL,nyse,US
UTZ,nyse,US
UU.L,ftse100,EU
UUUU,amex,US
UVE,nyse,US
UVSP,nasdaq,US
UVV,nyse,US
V,nyse,US
VAC,nyse,US
VAL,nyse,US
VALE,nyse,US
VALMT.HE,omxh25,EU
VALN,nasdaq,US
VALU,nasdaq,US
VAR.OL,obx,EU
VBNK,nasdaq,US
VC,nasdaq,US
VCEL,nasdaq,US
VCT.L,ftse250,EU
VCTR,nasdaq,US
VCV,nyse,US
VCYT,nasdaq,US
VECO,nasdaq,US
VEEV,nyse,US
VEIL.L,ftse250,EU
VEL,nyse,US
VEON,nasdaq,US
VER.VI,atx,EU
VERA,nasdaq,US
VERX,nasdaq,US
VET,nyse,US
VFC,nyse,US
VG,nyse,US
VGM,nyse,US
VHI,nyse,US
VIA,nyse,US
VIAV,nasdaq,US
VICI,nyse,US
VICR,nasdaq,US
VIE.PA,cac40,EU
VIG.VI,atx,EU
VIK,nyse,US
VINP,nasdaq,US
VIPS,nyse,US
VIR,nasdaq,US
VIRT,nyse,US
VISN,nasdaq,US
VIST,nyse,US
VITL,nasdaq,US
VIV,nyse,US
VIV.PA,cac40,EU
VKI,amex,US
VKQ,nyse,US
VKTX,nasdaq,US
VLGEA,nasdaq,US
VLO,nyse,US
VLRS,nyse,US
VLTO,nyse,US
VLY,nasdaq,US
VLYPN,nasdaq,US
VLYPO,nasdaq,US
VLYPP,nasdaq,US
VMC,nyse,US
VMD,nasdaq,US
VMI,nyse,US
VMO,nyse,US
VMUK.L,ftse250,EU
VNA.DE,dax,EU
VNDA,nasdaq,US
VNET,nasdaq,US
VNO,nyse,US
VNOM,nasdaq,US
VNT,nyse,US
VOD,nasdaq,US
VOD.L,ftse100,EU
VOE.VI,atx,EU
VOLV-B.ST,omxs30,EU
VOR,nasdaq,US
VOW3.DE,dax,EU
VOXR,nasdaq,US
VOYA,nyse,US
VOYG,nyse,US
VPG,nyse,US
VRDN,nasdaq,US
VRE,nyse,US
VREX,nasdaq,US
VRNS,nasdaq,US
VRRM,nasdaq,US
VRSK,nasdaq,US
VRSN,nasdaq,US
VRT,nyse,US
VRTS,nyse,US
VRTX,nasdaq,US
VSAT,nasdaq,US
VSCO,nyse,US
VSEC,nasdaq,US
VSH,nyse,US
VSNT,nasdaq,US
VST,nyse,US
VSTM,nasdaq,US
VSTS,nyse,US
VTMX,nyse,US
VTOL,nyse,US
VTR,nyse,US
VTRS,nasdaq,US
VTS,nyse,US
VTY.L,ftse100,EU
VTYX,nasdaq,US
VVV,nyse,US
VVX,nyse,US
VWS.CO,omxc25,EU
VYX,nyse,US
WAB,nyse,US
WABC,nasdaq,US
WAFD,nasdaq,US
WAFDP,nasdaq,US
WAG.L,ftse250,EU
WAL,nyse,US
WASH,nasdaq,US
WAT,nyse,US
WAY,nasdaq,US
WB,nasdaq,US
WBD,nasdaq,US
WBI,nyse,US
WBS,nyse,US
WBTN,nasdaq,US
WCC,nyse,US
WCN,nyse,US
WD,nyse,US
WDAY,nasdaq,US
WDC,nasdaq,US
WDFC,nasdaq,US
WDH.CO,omxc25,EU
WDP.BR,bel20,EU
WDS,nyse,US
WEAV,nyse,US
WEC,nyse,US
WEIR.L,ftse100,EU
WELL,nyse,US
WEN,nasdaq,US
WERN,nasdaq,US
WEX,nyse,US
WEYS,nasdaq,US
WF,nyse,US
WFC,nyse,US
WFG,nyse,US
WFRD,nasdaq,US
WG.L,ftse250,EU
WGO,nyse,US
WGS,nasdaq,US
WH,nyse,US
WHD,nyse,US
WHR,nyse,US
WHR.L,ftse250,EU
WIE.VI,atx,EU
WILC,nasdaq,US
WINA,nasdaq,US
WING,nasdaq,US
WINK.L,ftse250,EU
WIX,nasdaq,US
WIX.L,ftse250,EU
WK,nyse,US
WKC,nyse,US
WKL.AS,aex,EU
WLDN,nasdaq,US
WLFC,nasdaq,US
WLK,nyse,US
WLTH,nasdaq,US
WLY,nyse,US
WLYB,nyse,US
WM,nyse,US
WMB,nyse,US
WMG,nasdaq,US
WMK,nyse,US
WMS,nyse,US
WMT,nasdaq,US
WNC,nyse,US
WOLF,nyse,US
WOR,nyse,US
WPC,nyse,US
WPM,nyse,US
WPP,nyse,US
WPP.L,ftse100,EU
WRB,nyse,US
WRBY,nyse,US
WRD,nasdaq,US
WRLD,nasdaq,US
WRT1V.HE,omxh25,EU
WSBC,nasdaq,US
WSBCO,nasdaq,US
WSBF,nasdaq,US
WSC,nasdaq,US
WSFS,nasdaq,US
WSHP,nasdaq,US
WSM,nyse,US
WSO,nyse,US
WSR,nyse,US
WST,nyse,US
WT,nyse,US
WTB.L,ftse100,EU
WTBA,nasdaq,US
WTFC,nasdaq,US
WTFCN,nasdaq,US
WTM,nyse,US
WTRG,nyse,US
WTS,nyse,US
WTTR,nyse,US
WU,nyse,US
WULF,nasdaq,US
WVE,nasdaq,US
WWD,nasdaq,US
WY,nyse,US
WYFI,nasdaq,US
WYNN,nasdaq,US
XEL,nasdaq,US
XENE,nasdaq,US
XERS,nasdaq,US
XHR,nyse,US
XMTR,nasdaq,US
XNCR,nasdaq,US
XNET,nasdaq,US
XOM,nyse,US
XOMA,nasdaq,US
XOMAO,nasdaq,US
XOMAP,nasdaq,US
XP,nasdaq,US
XPEL,nasdaq,US
XPEV,nyse,US
XPO,nyse,US
XPOF,nyse,US
XPRO,nyse,US
XPS.L,ftse250,EU
XRAY,nasdaq,US
XRN,nyse,US
XXI,nyse,US
XYL,nyse,US
XYZ,nyse,US
XZO,nyse,US
YALA,nyse,US
YAR.OL,obx,EU
YB,nasdaq,US
YDDL,nasdaq,US
YDES,nasdaq,US
YELP,nyse,US
YETI,nyse,US
YEXT,nyse,US
YMM,nyse,US
YOU,nyse,US
YPF,nyse,US
YSS,nyse,US
YUM,nyse,US
YUMC,nyse,US
Z,nasdaq,US
ZAL.DE,dax,EU
ZBH,nyse,US
ZBIO,nasdaq,US
ZBRA,nasdaq,US
ZD,nasdaq,US
ZEPP,nyse,US
ZETA,nyse,US
ZG,nasdaq,US
ZGN,nyse,US
ZIM,nyse,US
ZION,nasdaq,US
ZIONP,nasdaq,US
ZLAB,nasdaq,US
ZM,nasdaq,US
ZS,nasdaq,US
ZTO,nyse,US
ZTS,nyse,US
ZUMZ,nasdaq,US
ZURA,nasdaq,US
ZURN.SW,smi,EU
ZVRA,nasdaq,US
ZYME,nasdaq,US
